Patient_id, Age,Gender,Region,BMI,Blood_pressure,Cholesterol,Glucose,Disease_risk
1001,53,Female,North,22.4,139.1,193.4,89.7,0
1002,31,Male,West,28.1,140.6,,103.4,0
1003,60,Male,West,26.8,146.3,203.7,138.4,1
1004,63,Male,West,26.5,138.9,,123.2,0
1005,18,Male,South,26.4,142.4,170.6,122.9,0
1006,27,Male,North,27.6,136.5,,150.7,0
1007,50,Female,West,31.4,128.5,155.1,85.4,0
1008,43,Female,East,,125.5,211.3,78.4,0
1009,48,Female,North,27,120,182.8,84.9,0
1010,34,Male,West,31.2,103.4,261.9,96.6,0
1011,62,Male,West,23.4,107.8,160.7,60,0
1012,60,Male,South,31,119.2,167.1,97.8,0
1013,49,Female,West,23,128.1,158.1,89.4,0
1014,66,Female,West,32.7,148.5,207.3,122.6,0
1015,55,Male,East,38.5,123.3,142.8,111.8,0
1016,34,Female,East,26.4,141.1,176.8,88,0
1017,54,Male,South,15.6,142.3,113.2,117.7,0
1018,33,Male,West,24.2,120.1,204.1,121.1,0
1019,62,Male,West,33.4,134.1,176,83.8,0
1020,47,Male,West,29.9,119.9,138.5,90.7,0
1021,45,Female,East,28.3,146.5,236.3,60,0
1022,37,Female,North,32.2,134.8,145.3,75.7,0
1023,68,Male,South,29.5,103.8,225.3,84.4,0
1024,46,Female,South,33.3,126.7,168.4,104.9,0
1025,41,Female,West,31.8,152,255.9,79.4,0
1026,42,Female,East,,120.9,223.5,90.2,0
1027,57,Female,East,28.9,131.6,156.7,72.4,0
1028,54,Male,North,31.7,133.3,160.2,107.3,0
1029,55,Female,West,25.4,106.4,218,113.6,0
1030,55,Male,South,23.9,132.7,185,113.1,0
1031,82,Female,North,35.9,100.3,188.6,103.3,0
1032,41,Male,,28.1,113.4,243.3,64.5,0
1033,40,Female,North,31.2,142.3,166.5,87.5,0
1034,35,Male,North,27.6,130.1,198.5,92.8,0
1035,58,Male,North,24,118.8,231.3,92.9,0
1036,66,Female,South,27.1,131.6,,104.9,0
1037,46,Female,North,34.5,123,188.9,138.6,0
1038,35,Male,West,29.9,124.2,184,123.3,0
1039,35,Female,East,18.1,135.2,128.9,78.3,0
1040,58,Female,South,25.9,111.6,154.9,120,0
1041,,Male,North,36.3,124.7,207.1,119,0
1042,57,Female,South,25.9,118.7,189.8,82.8,0
1043,37,Male,North,17.6,97,197.8,124.2,0
1044,52,Female,West,36.8,108.4,234.5,99,0
1045,50,Male,,,150.7,149.9,67.8,0
1046,51,Male,South,26.6,130.5,186,114.4,0
1047,62,Female,North,25.1,225,202.2,108.4,0
1048,52,Female,North,32.6,97.8,168.2,97.3,0
1049,59,Female,North,24.2,122.1,249.4,102.1,0
1050,49,Female,North,33,150.5,229.5,85,0
1051,53,Female,East,29.8,120.8,206,118.3,0
1052,58,Female,West,28.3,146.2,263.2,,0
1053,25,,West,27.8,130,138,107.2,0
1054,43,Male,South,26.1,132,194.7,111.9,1
1055,40,Male,West,32.4,101.3,208.9,74.1,0
1056,38,Male,East,22.5,139.9,160.2,80.6,0
1057,44,Female,North,52,118.3,206.4,60,0
1058,72,Male,North,30.2,138.7,152.9,117.1,0
1059,34,Male,East,30.3,110.2,221.2,72.7,0
1060,63,Female,South,29.5,127,235.2,106.3,0
1061,21,Male,North,29.1,130,205.3,112.3,0
1062,43,Male,West,25.3,121.4,124.6,118.1,0
1063,51,Female,East,31.1,130.9,158.3,72.9,0
1064,57,Female,East,26.8,119.5,216.5,101.4,0
1065,59,Male,West,24.5,113,195.8,144.8,0
1066,61,Male,West,25.4,151.3,110,145.9,0
1067,42,Male,West,37.5,141.8,242.2,127.7,1
1068,41,Female,South,18,111.1,200.2,111.4,0
1069,62,Female,West,29.6,133.7,163.9,77.9,0
1070,45,Male,East,18.3,111.4,232.8,121,0
1071,28,Female,East,26.4,103.9,169.3,99,0
1072,30,Male,West,24.7,141.6,168.8,117,0
1073,33,Male,North,16.2,95,208.6,87.2,0
1074,56,Female,South,29,139.8,262.7,98.7,0
1075,50,Male,North,25,119.7,256.7,107.1,0
1076,59,Male,South,16.1,120.4,208.7,109.2,0
1077,41,Male,South,31.4,131,212.6,115.3,0
1078,51,Female,West,34.5,133.9,225.1,,0
1079,58,Female,West,34.7,110,147.2,69.4,0
1080,43,Female,South,28.9,136.2,219.5,143.6,0
1081,55,Male,South,27.2,125.9,167.1,165.2,0
1082,37,Male,,33.9,102.6,207.1,114.2,0
1083,42,Female,West,35.7,121.1,186.4,69.9,0
1084,42,Male,West,32.9,147.5,214,83.7,0
1085,29,Female,North,22.1,152.5,199.5,115.7,0
1086,56,Female,North,28,136.2,110,136.5,0
1087,40,Male,East,29.3,103.8,201.8,,0
1088,48,Female,South,17.6,132.3,219.4,99.9,0
1089,56,Male,North,29.4,138.5,211.9,107.9,0
1090,55,Male,North,38.8,136.3,,124.6,1
1091,59,Female,South,30.3,137.3,257.4,,0
1092,46,Female,South,34.7,130.2,206.8,63.9,0
1093,41,Female,East,28,122.8,211.6,118.5,0
1094,47,Female,North,26.6,113.7,234.7,131.1,0
1095,21,Female,East,29,91.7,420,100.9,0
1096,25,Female,East,22.8,129.8,160.9,113.1,0
1097,27,Female,South,22,127.2,110,91.1,0
1098,32,Male,North,33.6,133.5,176.9,81.9,0
1099,54,Female,East,34.1,101.3,223.9,128.7,0
1100,34,Female,East,21.8,135,181.6,112.7,0
1101,42,Male,South,32,158.9,225.4,115.3,0
1102,69,Male,South,26.5,125.3,200.7,140.6,0
1103,42,Male,East,28.8,123,243.9,76.6,0
1104,60,Male,South,29.4,129.3,183.8,89.2,0
1105,33,Female,South,32.2,158.5,212.8,106.9,1
1106,45,Male,South,27.4,106.6,214.2,88.9,0
1107,33,Female,South,34.3,127.5,252.1,122.6,0
1108,43,Female,East,28.6,110.4,130.1,98.3,0
1109,61,Female,South,30.2,114.7,177.6,78.2,0
1110,20,Male,South,22.7,123.2,227.2,104.6,0
1111,55,Male,East,38.2,146.9,253.7,107.3,0
1112,52,Female,South,29.4,154.6,204.1,126.4,0
1113,38,Female,North,30.7,131.6,183.9,112.8,0
1114,25,Female,West,18.6,117.6,223.8,114.5,0
1115,49,Female,North,22.7,166.4,228,111,0
1116,40,Male,East,33.4,116.7,181.3,98.3,0
1117,52,Female,South,28.5,114.3,207.6,85.1,0
1118,48,Male,North,17,93.8,239.9,110.2,0
1119,74,Male,North,32.4,147.7,266.8,94.7,0
1120,44,Female,West,24.2,140.5,223.2,,0
1121,32,Male,South,34.3,165.1,196.7,136.6,0
1122,51,Male,South,26.5,100.4,192.9,118.8,0
1123,52,Male,East,28.1,148.8,216.2,112.5,0
1124,70,Male,North,33.1,125.2,190.6,100.8,0
1125,61,Female,East,22.3,137.7,202.2,71.5,0
1126,54,Male,South,21.8,96,154.8,97.6,0
1127,71,Female,East,26,149,244.3,105.5,0
1128,29,Female,North,31.3,137.4,151.7,108.7,0
1129,38,Male,West,20.1,123.3,178.6,114.7,0
1130,33,Male,North,18.3,135,198.7,126,0
1131,42,Female,East,31.3,111,270.7,85.7,0
1132,26,Female,East,23.9,114.1,178.9,85.9,0
1133,58,Female,South,25,116.1,169.7,139.3,0
1134,44,Female,North,17.3,92.5,174.1,122.3,0
1135,24,Male,South,23.5,138.6,258,93.2,0
1136,32,Male,West,27,144.3,110,100.3,0
1137,53,Female,West,31.8,112.1,156.9,100.4,0
1138,61,Male,West,23,129.9,298.8,103.8,0
1139,80,Female,North,35.6,119.5,217.5,114.8,1
1140,90,Female,East,23.4,129.6,153,166.4,1
1141,55,Female,North,23.4,113.3,193.4,107.7,0
1142,32,Male,East,35,109,197.6,119.6,0
1143,,Male,South,28.1,141.9,227.2,60.8,0
1144,52,Male,East,24.1,122.9,264.9,90.9,0
1145,35,Male,East,26.2,158.4,209.8,133.7,0
1146,41,Female,West,34,124.8,174.5,113.1,0
1147,38,Male,South,34.6,108.3,224.9,60,0
1148,46,Male,South,22.8,144.9,168.5,119.9,0
1149,65,Male,East,26.8,134.7,155.7,151,0
1150,51,Male,North,27.5,136.4,128.1,60,0
1151,45,Female,North,21.9,144.2,135.5,141,0
1152,31,Male,East,26.7,112.9,160.9,60,0
1153,21,Female,West,27,121.8,150.2,126.4,0
1154,40,Male,East,32.9,121.1,206.9,102.8,0
1155,47,Female,West,33.3,102.1,149.4,60,0
1156,76,Male,North,25.3,119.5,110,114.2,0
1157,50,Male,South,25.9,146.7,155.3,131.8,0
1158,64,Female,East,30.5,128,177.1,112.1,0
1159,40,Female,South,24,101.1,172,117.6,0
1160,29,Female,North,30.1,97.6,252.7,92.7,0
1161,33,Male,North,26.5,152.3,171.7,60,0
1162,36,Male,West,22,122.5,228.5,120.3,0
1163,82,Female,East,22,113,194.3,146.7,0
1164,35,Male,South,34.5,119.3,193.4,131.2,0
1165,61,Female,South,26.2,98.9,163.3,60,0
1166,34,Female,North,35.5,148.2,192.8,65.1,0
1167,63,Female,West,24.3,117.3,165.9,81.9,0
1168,54,Female,North,28.5,147.2,201.5,63.2,0
1169,45,Female,West,39.4,124.9,186,104.1,0
1170,,Male,North,21.5,148.3,159.1,112.8,0
1171,38,Male,South,17.1,128.4,232.7,67.2,0
1172,55,,South,33.7,138.5,211.2,122.4,0
1173,41,Male,West,22.7,136.2,178,118,0
1174,28,Male,North,26.9,134.6,200.5,89.3,0
1175,28,Male,South,24,129.9,191.8,98.7,0
1176,51,Female,South,28.4,120,162,60,0
1177,73,Female,South,22.1,156.6,197.7,94.7,0
1178,51,Female,North,26.1,108.6,171.4,103.2,0
1179,46,Male,West,29.3,124.1,159.1,107.2,0
1180,53,Male,South,21.8,124.3,133.3,112.5,0
1181,69,Female,South,23.4,130.8,181.4,109.1,0
1182,52,Male,South,25.2,116.7,216.5,96.4,0
1183,41,Female,West,19.6,129.4,168.6,110.2,0
1184,66,Female,South,24.8,121.1,290.8,128.1,0
1185,55,Male,South,27.6,97.1,228.7,100.6,1
1186,73,Male,South,24.9,124.2,244.6,110.9,0
1187,51,Male,South,25.6,105.3,225.2,98.3,0
1188,28,Female,North,26.9,94.5,265.4,86.8,0
1189,26,Female,East,23.6,126.3,165.1,116.1,0
1190,74,Male,North,30.6,132.3,110,89.1,1
1191,76,Female,North,34.5,133,178,112.7,1
1192,45,Male,North,24.6,133.6,216.2,103.7,0
1193,42,Male,South,29.5,91.1,200.8,95.4,1
1194,71,Female,West,25.8,100.9,205.5,94.8,0
1195,30,Male,East,28.9,157.5,245.2,310,0
1196,34,Male,West,,106.2,209.5,61.9,0
1197,58,Female,South,29.6,134.4,225.4,112.6,0
1198,42,Male,West,17.8,112.3,159.3,108.8,0
1199,48,Female,North,29.4,125.4,153.4,,0
1200,45,Male,East,33.4,113.2,256.3,89.7,0
1201,,Male,West,25.8,133.5,198.8,,1
1202,71,Male,East,32.2,126.3,171.3,,1
1203,49,Male,West,23.4,116.4,171.4,81.1,0
1204,58,Male,South,19.3,106.1,170.3,78.2,0
1205,18,Male,North,27.7,128.6,168.1,60,0
1206,,,West,17.9,103.4,146.2,141.3,0
1207,35,Male,North,25.8,131.3,138,137.3,0
1208,28,Male,West,,168.7,187.6,118,0
1209,34,Male,East,17.1,147,172.5,80.6,0
1210,43,Male,West,20.3,136.2,237.1,148.3,0
1211,63,Male,South,21.6,122.5,206.1,94.2,0
1212,27,Female,West,26.7,91,205.1,96.3,0
1213,,Male,North,25.1,101.5,166.8,138.9,0
1214,40,Female,South,34.3,145.8,190.4,119.5,0
1215,43,Female,North,32,110.6,208.7,158,0
1216,64,Male,West,29.6,112.1,222.2,109.2,0
1217,57,Male,East,27.8,121.2,191.4,93.1,0
1218,69,Male,West,29,105.9,236,87.7,0
1219,46,Female,West,22.5,103.1,,60,0
1220,,Male,South,31.5,123.1,225.1,96,0
1221,44,Female,North,21.2,108.8,176.4,131.6,0
1222,52,Female,West,,111.4,126.1,118,0
1223,51,Female,,33.2,110.7,205.2,103.5,0
1224,31,Female,North,28.1,132.9,222.6,78.1,0
1225,49,Female,West,26.1,120.1,216.9,108.7,0
1226,52,Male,West,29.1,121,211,128.3,0
1227,88,Male,South,15,134.1,181.8,113.8,0
1228,78,Male,West,28.6,121.6,164.3,107.2,0
1229,34,Female,North,26.4,119.3,216,83.1,0
1230,43,Female,North,26.7,132,211.2,124.7,0
1231,25,Female,South,30.7,135.4,173.7,60,0
1232,39,Male,East,,121.5,237.2,112.6,0
1233,53,Female,North,21.1,125.4,161.5,167.3,0
1234,67,Female,North,26.3,110.7,172.8,65.3,0
1235,36,Female,East,27.4,109.4,257.2,97,0
1236,38,Female,West,27.6,137.1,228,102.8,0
1237,18,Male,East,27.8,131.6,181.4,91.4,0
1238,45,Male,West,32.4,131.7,205.9,128.9,0
1239,31,Female,West,21.4,128.8,200.9,114.8,0
1240,40,Male,East,27.9,124.8,110,106.8,0
1241,34,Male,East,33.7,135.8,160.6,122.9,0
1242,46,Male,West,18,139.9,193.1,,0
1243,20,Male,South,27.9,139.5,181.4,182.5,0
1244,25,Female,North,8.5,122.3,204.4,106.8,0
1245,82,Female,West,25.1,147.6,237.9,107.9,0
1246,27,Male,,22.3,127.9,182.8,60.2,0
1247,30,Male,West,26.1,134.8,154.8,89.4,0
1248,77,Male,South,36.6,128.8,,131.7,1
1249,90,Female,West,20.4,128.2,182.6,69.6,0
1250,29,Female,North,20.9,111.5,189.1,60,0
1251,42,,East,20.2,135.9,183.9,103.8,0
1252,53,Male,South,36,172.4,280.2,137.3,1
1253,76,Male,South,24.6,117.6,110,104.1,0
1254,32,Male,South,26.9,125.2,180.2,94.6,0
1255,44,Female,West,24.9,116.4,194.9,,0
1256,60,Male,South,22.1,115.7,165.3,114.3,0
1257,55,Female,West,,150.3,229.2,119.5,0
1258,42,Female,South,,112.6,225.9,60,0
1259,46,Male,North,34.2,115.9,193.2,131.4,0
1260,26,Male,West,22.6,97,184.7,122.1,0
1261,44,Male,North,30.4,111.1,190.7,131.3,0
1262,44,Male,South,22.7,95,191,117.6,0
1263,52,Male,West,17.8,134.7,192,119.3,0
1264,39,Female,West,32.3,171.6,187.9,116,0
1265,56,,West,33,117.8,204.6,124.7,0
1266,64,Male,South,32.4,95.7,223.6,60,0
1267,50,Female,West,24.6,139.3,148.3,65.5,0
1268,54,Female,South,26.1,111.6,,84.6,0
1269,49,,East,30.9,146.1,128.6,99.8,0
1270,48,Female,East,,119.2,227.9,112.7,0
1271,36,Female,North,25,113.3,204.5,111.1,0
1272,53,Female,South,18.6,121,75,130.9,0
1273,46,Female,South,27.6,136.9,140.7,131.7,0
1274,81,Male,South,32.6,120.1,262.8,81.2,0
1275,73,Female,South,20.8,115.6,171.9,109,0
1276,54,Male,East,30.3,120.6,201.4,81.8,0
1277,36,Female,North,28.7,102.4,227.5,98.3,0
1278,30,Female,North,30.9,130.7,157.5,111,0
1279,67,Male,West,31.5,93.6,174.2,60,0
1280,52,Male,South,23.4,116.4,201.8,163.3,0
1281,56,Female,East,18.6,136.9,303.6,117.2,1
1282,20,Female,East,24.2,129.2,206.4,88.1,0
1283,63,Male,East,31.6,134,256,151.2,0
1284,55,Female,South,24.2,122.9,240.8,94.3,0
1285,30,Female,South,23.4,143.9,209,106.3,0
1286,40,Female,West,17.5,139.7,157.4,90.8,0
1287,52,Male,West,36.1,131.6,,144.3,1
1288,49,Male,South,31.3,139.8,138.1,100.4,0
1289,43,Female,East,31,136.8,255.8,106.7,0
1290,46,Male,West,32,116.5,202.6,133.1,0
1291,44,Female,North,30,101.2,110,117.6,0
1292,50,Male,West,25.7,131.1,182.1,101.6,0
1293,72,Female,South,26.1,133.3,219.9,130.8,0
1294,18,Male,West,24.8,142.5,186,166.5,0
1295,44,Male,East,40.7,108.1,222.2,110.9,0
1296,51,Female,West,29.9,108.6,162.7,105.9,0
1297,53,Female,North,24.6,131.8,145.4,107.3,0
1298,42,Female,North,29.4,122.8,192.3,135.8,0
1299,20,Female,,21.7,91.9,196.2,88,0
1300,53,Female,East,34.8,130.4,181.8,96,0
1301,76,Female,East,23.6,92.5,241.6,64.6,0
1302,23,Male,North,29.6,107.9,162.7,73.4,0
1303,62,Female,North,32.5,147,206.9,90.1,1
1304,43,Female,West,29,155,197.6,,0
1305,47,Male,South,27.5,103.3,135.8,147.2,0
1306,31,Male,East,27.1,118.4,144.9,116.4,0
1307,43,Female,South,26.7,124.7,195.5,80.2,0
1308,69,Male,South,24,154.3,270.3,84.8,0
1309,57,Female,,24.7,115.6,217,137.4,0
1310,76,Female,West,34.7,115.9,129.4,131.2,0
1311,67,Female,West,26.4,150.3,110,103.7,0
1312,55,Male,North,22.9,117.6,222.9,91.9,0
1313,76,Male,South,24.3,136.3,191.3,131.1,0
1314,55,Male,East,32.7,98.9,238.4,78.2,0
1315,61,Male,South,30.5,121.1,161.5,112.8,0
1316,43,Female,East,29.9,95.8,208.3,159.8,0
1317,49,Female,South,25.7,106.1,227.2,108.1,0
1318,37,Male,,30,138.3,178,83.6,0
1319,64,Male,South,23.7,123.2,178.8,113.3,0
1320,29,Female,East,25.7,118.6,196,91.2,0
1321,61,Male,North,32,111.3,215.6,68.1,0
1322,45,Female,West,31.5,120.2,194.5,120.5,0
1323,67,Male,North,21.9,129.1,232,130.9,0
1324,60,Female,North,22.6,140.7,177.4,95.2,0
1325,77,Male,East,27.6,85,144.5,93.6,0
1326,60,Female,East,36,109.9,270.1,79,0
1327,23,Male,South,17,126.7,172,99.3,0
1328,47,Female,South,28.4,122.3,173.4,88.9,0
1329,29,Male,North,19.8,130.9,192.5,77.7,0
1330,40,Male,East,23.7,128.5,197.6,150.3,0
1331,72,Female,South,,118.8,180.3,114.7,0
1332,58,Male,North,24.8,115,194.3,117.3,1
1333,37,Male,South,24.2,119.8,193.5,125.1,0
1334,32,Male,West,27,143.5,201.6,122.3,0
1335,49,Male,South,24.2,111.6,110,92.7,0
1336,29,Male,West,19.4,122.9,266.5,109.8,0
1337,37,Female,South,31.1,127.1,189.4,96.3,0
1338,53,Male,North,30.9,150.5,217.1,114,0
1339,66,Female,South,31.4,118.9,142.6,111.5,0
1340,58,Female,South,19,140.3,177.1,93.4,0
1341,18,Male,North,28.6,144.9,169.5,69.8,0
1342,53,Female,East,30.5,122.9,250.8,106.7,0
1343,49,Female,South,21.6,120.4,172.7,97.9,0
1344,55,Female,East,27,118.4,223.8,60,0
1345,74,Male,South,26.4,119.7,170.3,115.7,0
1346,18,,South,36.6,138.5,177.8,127.1,0
1347,39,Male,South,37,127.9,185.7,166.2,1
1348,57,Female,North,18.3,128,243.8,93.2,0
1349,23,Female,East,40,104.9,123.2,89.5,0
1350,72,Female,North,22.2,107.6,145,75.3,0
1351,54,Male,East,32.1,160.4,121,108.2,0
1352,62,Female,West,32,121,153.7,108.1,0
1353,39,Male,West,21.8,110.8,164.2,82.7,0
1354,61,Female,South,29.6,148.3,133.6,98.6,0
1355,65,Male,South,26.4,128.8,167.1,60,0
1356,52,Female,West,29.9,133.8,118.4,126.2,0
1357,52,Female,South,28.2,121.7,156.3,83.7,0
1358,52,Male,South,33.2,118.6,240.6,102.1,0
1359,34,Male,West,27.4,121.1,210.3,67.3,0
1360,46,Female,West,26.1,100.5,202.1,88.4,0
1361,46,Male,West,32.7,122.5,156.9,96,0
1362,54,Female,North,30,129,136.6,102.7,0
1363,64,Female,,,155.5,151.7,115,1
1364,31,Female,North,23.5,125.5,193.4,139,0
1365,46,Male,East,21.6,85,228,121.3,0
1366,72,Male,West,24,122.4,229.3,127.1,0
1367,36,Male,East,23.8,170.6,219,139.2,1
1368,35,Female,,31.1,138.7,167,,0
1369,51,Male,South,32.1,110.2,195.9,102.1,0
1370,62,Male,South,26.2,134,182.8,128.2,0
1371,48,Male,South,34.4,111.4,187.4,129.8,0
1372,69,Female,South,34.1,101,272.4,119.2,1
1373,62,Male,East,28.3,118.1,128,66.6,0
1374,61,Female,South,22.7,125.6,186.1,82,0
1375,57,Female,East,35.2,92.2,241,96.1,0
1376,85,Female,South,26.7,104.5,139.3,122.5,0
1377,45,Female,South,27.7,124.2,170.5,102.5,0
1378,18,Female,North,25.2,117.1,174.9,131.4,0
1379,74,Female,East,22.4,130.7,186.5,135.9,0
1380,41,Male,West,19.4,103.4,134.4,133,0
1381,50,Female,West,30.3,136.1,217.6,133.1,1
1382,69,Female,South,22.9,103.9,220.3,77.1,0
1383,22,Female,South,42.9,151.9,214.3,115.1,0
1384,28,Female,East,21.4,94.8,161.9,87.8,0
1385,22,Female,East,20.5,105.4,198.3,61.8,0
1386,35,Female,North,29.7,131.1,160.8,95.8,0
1387,55,Male,East,35,152.3,182.4,136.1,0
1388,56,Male,North,27.3,129.4,276.8,114.5,0
1389,52,Male,North,30,133.6,198.6,153.4,1
1390,25,Male,East,17.4,124.3,149.9,107.4,0
1391,18,Male,,23.5,106.6,201.9,164.2,0
1392,49,Male,South,21.4,115.7,143.6,107.4,0
1393,40,Male,East,17.1,103.4,149.4,103.6,0
1394,55,Female,East,27.6,102.3,155.4,71,0
1395,59,Male,South,15.3,130.8,178.1,130.8,0
1396,50,Female,North,20.1,104.9,230.6,90.4,0
1397,60,Female,West,24.2,129.4,217,86.8,0
1398,52,,West,22.7,101.9,214.9,135,0
1399,56,Male,West,29.1,129,153.2,132,0
1400,37,Male,,28.6,115.7,174.4,131.3,0
1401,45,Female,South,31.6,147.9,205.3,93.9,0
1402,51,Male,West,30.9,129.5,171.1,101.7,1
1403,61,Female,South,32.9,145,184.4,101.5,0
1404,42,Female,North,27,111.2,211.8,122.6,0
1405,56,Female,,28.6,125,181.7,141.8,0
1406,44,Male,South,29.7,107.3,203.6,112.2,0
1407,46,Male,West,27.7,117,255.5,152.4,0
1408,61,Male,South,24.9,119.5,188.5,125.4,0
1409,18,Male,West,25.3,111.7,239.8,97.1,0
1410,27,Male,East,22.7,103.3,216.3,123.7,0
1411,24,Female,South,29.2,100,139.2,145.6,0
1412,18,Female,South,26.5,85,153.1,153,0
1413,37,Female,West,23.6,106,163.3,132.7,0
1414,60,Female,North,23.6,134.7,162.5,103.6,0
1415,43,Male,South,20.7,96.8,191.6,97.6,0
1416,,Female,South,32.1,100.7,218.4,117.4,0
1417,65,Female,East,27.4,154.4,242.7,144.8,0
1418,69,Female,South,,113.2,206.7,113.8,0
1419,47,Female,,31.2,129.5,178.1,114.4,1
1420,70,Male,South,24.1,134.9,115.9,104.3,0
1421,49,Male,North,19.7,135.3,197.7,94.8,0
1422,35,Male,North,32.3,98.1,196,98.9,0
1423,38,Male,East,24.2,120.1,202,,0
1424,24,Female,South,,96.5,275,146,0
1425,34,Male,South,,165.6,242.1,,0
1426,42,Female,East,32.9,96.9,224.8,104.3,0
1427,61,Female,South,27.1,106.2,158.4,81.4,0
1428,76,Male,South,20.8,106.3,175.5,120.9,0
1429,26,Male,North,29.8,98.6,,137.2,1
1430,54,Female,South,24.5,147,,143.6,0
1431,31,Female,East,36.8,165.2,214,108.1,1
1432,56,Male,East,27,115.9,208.6,,0
1433,46,Male,West,15.4,101.6,153.6,99.2,0
1434,19,Female,West,28.9,86,240.5,116.2,0
1435,63,Male,North,37.1,119.9,198.9,110.8,0
1436,38,Female,South,,118.6,129.3,104.5,0
1437,39,Male,South,36.5,112.9,193,106.4,0
1438,31,Male,East,21.7,127.8,205.7,114.3,0
1439,38,Female,South,31.7,130.7,232,95.6,0
1440,55,Female,West,23.2,129.5,182.2,96.9,0
1441,45,Female,South,28.2,118.6,226.5,145.7,0
1442,53,Male,East,20.4,105.3,202.1,170.8,0
1443,54,Female,North,23.6,135.3,145,72.9,0
1444,69,Male,West,23.5,124.2,,71.5,0
1445,43,Male,West,31.7,139.1,237.7,,0
1446,24,Male,West,31.2,137.4,240.4,100.4,0
1447,65,Male,South,28.4,99.8,207.3,125.4,0
1448,43,Female,North,20,99.6,251.8,117.8,0
1449,66,Male,East,25.4,111.2,,107.3,0
1450,54,Female,South,,106,221,116.2,0
1451,46,Male,West,31.5,136.8,160.4,85.7,0
1452,54,Female,East,33.1,130,260.8,96.9,0
1453,79,Male,East,32.5,142.7,215.4,102.5,0
1454,81,Female,West,23.1,130.7,180.3,63.4,0
1455,49,Male,West,,127.5,169.6,74,0
1456,51,Male,South,17.8,144.4,204.8,75,0
1457,65,Female,North,34.4,132,131.5,122.1,0
1458,34,Female,North,24.9,125.2,221.6,109.1,0
1459,53,Female,South,23.1,149.2,158.8,118.3,0
1460,48,Male,East,35.5,126,209.1,60,0
1461,53,Female,North,33.6,118.8,175.2,65.9,0
1462,35,Female,North,27.1,109.8,185,119.6,0
1463,23,Female,East,25.5,136,166.2,60,0
1464,18,Male,West,26.3,145,188.9,133.6,0
1465,30,,North,28.2,123.1,266.8,60,0
1466,41,Female,East,35.3,146.2,247.6,124.1,1
1467,43,Female,North,29.2,90.5,208.5,80.8,0
1468,79,Male,East,30.8,123.1,194,129.2,0
1469,66,Male,West,33.1,123.3,227.1,183.2,1
1470,33,Female,West,20.9,111.6,237.9,60,0
1471,54,Female,East,30.9,164.5,163.5,120.4,0
1472,41,Female,East,25.5,122.9,192.1,60,0
1473,,Male,West,15,117.1,125.8,113.7,0
1474,51,Male,East,15.9,124.4,237.7,97.8,0
1475,58,Female,South,21.7,90,273.5,106.2,0
1476,43,Male,West,29.8,111.1,198,80.2,0
1477,65,Male,East,27.6,140.7,114.2,122.5,1
1478,30,Female,West,28,113.3,218.1,66.8,0
1479,48,Female,East,37.1,109.9,160.6,134,0
1480,90,Female,West,20.4,146.3,169.8,92.8,0
1481,52,Male,North,26.9,146.8,218.8,67.9,0
1482,71,Male,North,28.6,132.8,204.7,142.9,0
1483,49,Female,North,23.2,116.3,176.5,101.3,0
1484,57,Male,East,27.1,119.9,170.3,150.7,0
1485,47,Male,East,18.7,110.3,199.8,133.5,0
1486,45,Male,North,34.3,107.1,179.4,83,0
1487,36,Female,North,23.5,106.2,152.8,100.9,0
1488,55,Female,West,37.6,113.5,182.4,106,0
1489,34,Female,West,26.8,106.4,207.9,141.2,0
1490,59,Female,East,32.3,97.4,188.2,113.9,0
1491,65,Male,South,26.7,127.7,141.3,107.4,0
1492,54,Male,South,26.8,128,232.6,98,0
1493,43,Male,North,24,152.9,110,101.7,0
1494,55,Male,North,27.6,112.6,178,135.6,0
1495,43,Male,West,28.7,129,171.4,103.1,0
1496,63,Male,South,22.9,129.3,200.6,93.1,0
1497,19,Male,East,26.3,119.7,,88.9,0
1498,43,Female,East,23.8,136.7,237.8,89.2,0
1499,18,Female,South,39,137.2,167.9,67.9,0
1500,24,Male,North,26.5,129.6,217.3,84.2,0
1501,70,Male,East,35,119.7,202.4,140.5,0
1502,62,Female,North,26,117.9,130,97.8,0
1503,36,Female,South,28.3,100.7,267.2,120.6,0
1504,24,,West,20.1,110.3,140.3,60,0
1505,18,Male,,24.7,113.4,210.9,117.2,0
1506,39,Female,West,28.1,104.9,209.8,99,0
1507,87,Male,North,35.2,131.5,205.5,91,0
1508,55,Male,North,28.2,144.3,176.2,107.5,0
1509,39,Male,South,34.2,108.6,226.4,90.6,0
1510,55,Male,South,30.3,128.8,135.7,60,0
1511,23,Male,North,35.5,106.4,192.5,126.1,0
1512,43,Male,West,26.7,118.8,173.6,109.1,0
1513,50,Female,North,39.4,112.3,169.3,95.2,0
1514,47,Male,East,24.5,134.2,211.3,78.8,0
1515,61,Male,East,23,112.5,235.9,66.3,0
1516,54,Male,East,20.7,141.2,182,108.6,0
1517,59,Male,North,39.1,119.8,224.7,143.3,0
1518,37,Male,South,31.3,113,196.9,108.1,0
1519,62,Male,East,25.3,102.7,161.1,68.4,0
1520,74,Male,South,33.5,128.3,185.2,108.6,0
1521,32,Female,East,30.6,139.2,183.6,101.7,0
1522,,Female,North,37.2,128.6,168.5,124.6,0
1523,69,Female,North,19,162.1,211.3,118.2,0
1524,45,,East,25.6,148.3,203.9,60,0
1525,70,Female,East,24.6,118.8,134.6,,0
1526,41,,North,16.7,118.6,132.2,77.9,0
1527,71,Female,West,32.5,132,211.1,67.5,0
1528,50,Female,North,25.6,109.8,164,98.3,0
1529,52,Female,West,30.8,143.8,206.5,113.3,1
1530,73,Female,East,39.3,130.1,224.7,62,1
1531,42,Male,West,25.2,128.4,146.7,120.6,0
1532,33,Male,West,24.8,135.7,,122.1,0
1533,41,Male,South,27.6,153.3,258.6,104.2,0
1534,55,Male,West,,126.9,208.4,81.3,0
1535,23,Female,North,24.1,122.1,179.1,78.5,0
1536,58,Male,South,23.7,149.6,159.5,128.6,0
1537,39,Female,North,32.5,140.4,,65.2,0
1538,66,Female,South,29,118.5,149.8,129.6,0
1539,18,Female,West,16.4,124.1,228.6,98.9,0
1540,35,Male,South,20.6,127.3,165.5,100.6,0
1541,21,Male,North,34.8,130.2,236.6,60.3,0
1542,35,Female,South,29.1,100.9,179.8,99.3,0
1543,52,Female,West,23,97.8,155.4,118.3,0
1544,45,Female,East,26.1,108.9,178.8,69.6,0
1545,44,Female,East,27.1,107.6,110,115.5,0
1546,45,Female,South,30.8,113.1,190.4,105.2,0
1547,51,Male,South,19.9,134.8,188.5,86.9,0
1548,32,Male,East,22.6,121.1,226.3,124.4,0
1549,59,Male,East,28.4,127.3,123.3,60,0
1550,59,Female,West,26.5,103.2,239.2,111.7,0
1551,54,Female,East,30,116.2,226.2,143.5,0
1552,57,Male,West,20.6,134,242.6,139,0
1553,53,Female,West,28.9,134.1,193,112.7,0
1554,81,Male,North,32.7,111.7,233.5,95.5,0
1555,47,Male,South,29.5,126.7,139.1,87.1,0
1556,43,Male,South,27.7,161.4,222.1,95.4,0
1557,36,Male,North,26.5,123.7,165.7,116.6,0
1558,31,Female,North,22.7,112.2,132.2,82.8,0
1559,28,Male,West,,121,152.3,121.9,0
1560,34,,South,33.6,125.6,195.2,156.3,0
1561,47,Female,North,26.4,121.4,163.7,101.5,0
1562,53,Male,South,22.4,123.5,209.3,69.4,0
1563,49,Male,South,24.4,99.5,126.3,69.4,0
1564,36,Female,North,28,107.6,114.2,122.4,0
1565,62,Male,North,25.1,121.5,247.2,101.5,0
1566,60,Female,West,29.5,121.2,229.3,124.9,0
1567,45,Male,West,,114.4,,89.7,0
1568,38,Female,South,31.6,121,194.9,123.8,0
1569,57,Female,East,34.4,125,233.7,99,0
1570,51,Male,West,32.2,139.1,210.9,84.7,0
1571,25,Male,West,22.1,122.3,200.6,93,0
1572,47,Female,North,22.3,130.8,236.6,73.1,0
1573,52,Male,West,26.6,114.8,167.2,152.7,0
1574,34,Male,North,24.7,133.7,196.2,100.6,0
1575,51,Male,North,21.1,130.4,194.3,119.1,0
1576,25,Male,South,24.7,138.7,,89.6,0
1577,69,Female,East,24.5,136.1,180.2,76.7,0
1578,68,Female,North,23.5,134,197.8,97.2,0
1579,44,Male,South,25.4,122.3,,130.5,0
1580,54,Female,South,33.1,128.2,155.2,90,0
1581,18,Male,South,28,142.1,225.5,81.2,1
1582,29,Male,,39.9,112.9,157.9,106.9,0
1583,43,Female,South,27.9,113.3,186.7,115.5,0
1584,31,Female,North,25.5,127.1,183.8,144.1,0
1585,59,Male,North,27,131.1,208.6,111.8,0
1586,80,Male,North,28.3,110,114.5,119.1,0
1587,29,Female,North,29.3,122.7,228.9,121,0
1588,35,Female,East,37.8,122.4,169.3,74.2,0
1589,52,Male,South,22.6,86.3,241.4,78.9,0
1590,74,Male,South,31.5,120.3,176.8,75.9,0
1591,28,Female,West,28.1,121.3,193.1,69.7,0
1592,52,Male,East,18.8,121.3,267.7,122.9,0
1593,77,Male,North,31,148.1,184.5,110.3,0
1594,22,Male,South,33.6,103.3,242.1,105,0
1595,28,Male,South,22.5,110,196.5,60,0
1596,41,Male,West,27,85,210.8,154.4,0
1597,40,Female,South,18,115.8,197.7,80.6,0
1598,61,Female,North,20.5,117.3,227.2,154.3,1
1599,52,Female,East,32.4,115.3,168.9,66.8,0
1600,20,Female,South,24.6,142.8,157.6,82.7,0
1601,56,Male,North,21.2,138.6,170.7,60,0
1602,39,Male,East,28.2,125.3,198.8,112.1,0
1603,68,,North,24.3,117.7,186.6,75.5,0
1604,38,Male,West,24.6,141.4,222,76.2,0
1605,38,Female,West,30.8,123.7,244.6,68.7,0
1606,57,Female,South,21,110.1,157.9,122.4,0
1607,60,Male,East,22.3,94.8,167.1,120.8,0
1608,55,Male,East,27.8,116.5,140.4,148.3,0
1609,21,Male,East,32,136.8,272.2,85.9,0
1610,57,Male,North,33.4,162.7,206.6,108.5,0
1611,31,Male,South,23.5,125,213.2,70.8,0
1612,52,Male,North,31.9,111,144.1,94.6,0
1613,25,Female,East,22.9,103.9,195,90,0
1614,55,Female,North,36.5,133.4,214.4,114.6,0
1615,35,Female,East,21.1,94,185.4,128.4,0
1616,27,Male,East,33.9,133.4,235.9,127.8,0
1617,59,Male,West,23.6,137.9,282.8,81.9,0
1618,52,Male,South,37.5,131.4,159,128,0
1619,38,Male,North,30.1,120.3,156.2,101.9,0
1620,71,Female,East,21.7,133.6,161.6,94.9,0
1621,41,,North,24.3,126.9,256,85.3,0
1622,49,Male,North,31.1,110.8,234.6,89,0
1623,52,Female,West,32.5,155.5,189.8,146.6,1
1624,38,Male,West,26.6,118,196.4,110.7,0
1625,56,Male,East,27.2,137.2,164,107.4,0
1626,39,,West,30.9,85,228.8,96.4,0
1627,41,Female,North,27.7,145.7,180.6,164.1,1
1628,70,Female,North,20.3,149,185.1,135.6,0
1629,31,Male,South,22.8,124.5,218.1,85,0
1630,18,Female,North,28.2,133.5,187.9,96.2,0
1631,74,Female,West,33.3,133.5,186.1,97.6,0
1632,89,Female,North,35.4,113.1,195.4,106.6,0
1633,42,Male,East,31.1,133.3,225.2,85.5,0
1634,18,Male,West,28.5,110.3,257.6,114,0
1635,43,Female,East,30.9,113.7,217.2,139.3,0
1636,43,Male,North,23.5,143.2,225.5,70.2,0
1637,45,Female,South,26.2,140.6,187.4,74.8,0
1638,30,Female,East,22.7,112,168.1,90.9,0
1639,57,Male,West,20.5,111.5,219.9,92.1,0
1640,56,Female,South,28.7,113,,153,0
1641,24,Female,South,28,136.5,140.9,128,0
1642,59,Female,West,30.6,107,182.5,42,0
1643,81,Male,West,29.8,130.1,191.8,96.4,0
1644,51,Female,South,28.3,136.7,175.6,95.8,0
1645,43,Female,North,29.9,122.5,251.3,66.7,0
1646,46,Female,East,26.8,141.2,213.2,122.5,0
1647,58,Female,West,29.1,118.8,,115.3,1
1648,20,Female,West,23.2,120.4,205,135.1,0
1649,51,Male,South,28.9,107.4,198.1,97.7,0
1650,42,Male,North,,141.3,159.4,99.5,0
1651,78,Male,East,23.5,111,195.5,107.3,0
1652,45,Female,,27.3,129.9,195.5,125.3,0
1653,75,Female,West,23.8,122.8,143,66.2,0
1654,30,Female,North,24.3,106.1,174.5,121.4,0
1655,57,Male,South,21.2,113.6,182.7,102.5,0
1656,53,Female,South,33.6,147.5,210.7,76.5,0
1657,34,Female,North,32.5,127.4,212.5,60,0
1658,51,Male,West,29.8,106.8,172.9,99.6,0
1659,67,Female,North,37.3,129.2,212.8,139.2,1
1660,43,Female,East,26,121.5,188.1,,0
1661,21,Female,West,42.8,182.7,110,111.9,0
1662,48,Male,East,25.8,128.8,176.6,152.1,0
1663,34,Female,West,28.3,117.5,236,101.9,0
1664,43,Female,South,24.9,148.1,131.1,126.8,0
1665,47,Female,West,28.9,92.7,199.3,91.7,0
1666,21,Female,South,31.3,125.6,255.2,90.1,0
1667,22,Female,North,26.4,157.9,166.1,,0
1668,56,Male,South,36.2,122,195.1,60,0
1669,40,Female,South,28.2,94.5,145.4,135.2,0
1670,18,Male,East,28.4,117.3,256.8,87,0
1671,61,Female,,22.3,148.7,191.8,83,0
1672,52,Male,South,29.2,130.4,196.8,73.5,0
1673,37,Male,South,26.3,109.7,246.5,97.9,0
1674,27,Female,South,23.8,112.4,220.1,147.1,0
1675,61,Male,East,23,114.5,161.7,155.3,1
1676,54,Female,South,40.9,130.1,170.4,,0
1677,86,Male,West,25.6,146.7,213.8,94.1,0
1678,55,Female,South,19.4,141.9,171.3,77.1,0
1679,54,Female,West,23.4,131.8,114.5,127.7,0
1680,45,Male,South,26.7,101.4,193,110.2,0
1681,,Female,North,29.8,101.4,138.8,87.1,0
1682,58,Male,North,29.9,133.1,256.4,104.8,0
1683,68,Female,West,30.5,101.1,201.7,91.1,0
1684,40,Female,West,23.6,120.2,160.6,143.4,0
1685,41,Female,North,28.8,129.2,168.5,116.7,0
1686,40,Male,East,22.4,104.7,123.2,119.7,0
1687,61,Male,East,23.8,106.6,153.2,60,0
1688,,Female,North,22.2,122.4,,101.3,0
1689,41,Female,South,20.8,132.6,279.8,155.1,0
1690,41,Female,East,32.5,142,222.6,136.2,0
1691,53,Male,West,30.6,134.3,191.5,60,0
1692,44,Male,West,32.1,125.3,178.6,95.2,0
1693,63,Female,North,27.2,111.3,158.7,73,0
1694,18,Male,North,31,105.8,273.3,145.8,0
1695,35,Male,South,17.8,115.3,187.8,109.1,0
1696,35,Female,North,31.5,131,275.4,83.8,0
1697,18,Male,East,27.9,129.7,248,103.9,0
1698,33,Female,North,30.3,88.3,128.8,60,0
1699,33,Male,North,29,110.6,169.7,75.9,0
1700,45,Female,North,21.9,144.5,169.6,103.9,0
1701,66,Female,South,19.2,125.3,192,124.1,0
1702,44,Female,West,23.3,99.9,192.7,60,0
1703,32,Male,North,29.9,164,308.9,93.5,0
1704,47,Female,West,30.6,123.5,154.1,128.2,1
1705,65,Female,South,19.9,130.5,203.7,,0
1706,32,Male,North,21.9,130.8,218.4,108.7,0
1707,33,Male,South,23.2,117.8,194.9,,0
1708,57,Male,East,25.1,111.6,199.2,145.9,0
1709,44,Female,North,19.9,160.1,155.3,97.2,0
1710,58,Female,North,19.6,141.1,199,98.7,0
1711,48,Female,West,22.7,138,214.4,124.4,0
1712,59,Female,East,27.4,133.8,207.4,69.8,0
1713,31,Female,South,20.9,106.9,216.7,97.5,0
1714,48,Male,West,,145.7,248.7,91.6,0
1715,45,Male,West,32.5,109.7,230.6,99.5,0
1716,29,Female,South,20.2,128.8,197.7,124.2,0
1717,23,Male,East,25.9,96.1,150.5,116.9,0
1718,59,Female,North,32.3,89.3,172.2,84.3,0
1719,42,Female,South,24.8,129.4,186.7,106.4,0
1720,32,Male,East,24,110.2,204.6,140.3,0
1721,46,Female,North,33.1,90.2,176.8,82.2,0
1722,66,Male,West,25.4,133.2,159.4,106.6,0
1723,18,Female,West,32.7,160,149.8,98.2,0
1724,24,Female,South,29.2,147.6,132.3,101.4,0
1725,33,Female,South,25.2,119.6,186.1,62.2,0
1726,71,Male,North,29.5,124.2,139.2,138.3,0
1727,53,Male,East,28.7,139.1,157,83.6,0
1728,60,Male,North,32.3,143.1,180,128.7,0
1729,30,Male,South,24.1,118.2,144.2,87.5,0
1730,30,Male,East,27.2,124.6,209.4,87.4,0
1731,55,Male,East,26.7,129.1,223.1,133.3,0
1732,49,Female,East,30.7,133.4,174.1,127.8,0
1733,57,Male,North,21.7,121.7,178.4,108.2,0
1734,45,Male,West,32.3,122,215.4,122,1
1735,52,Female,East,29.4,147.5,167.9,95.8,0
1736,51,Female,West,20.2,144.6,165.3,102.8,0
1737,60,Female,South,33.3,132.1,240.5,86.5,0
1738,61,Female,West,38.6,153.2,228.6,125.6,0
1739,22,Female,South,32.2,117.4,217.9,85.7,0
1740,18,Female,West,34.4,151.6,230.2,140.1,0
1741,64,Female,North,27.4,133.2,119.9,95.1,0
1742,67,Female,North,18.4,179.6,246.4,103.5,0
1743,32,Male,East,17.4,103.7,209.9,122,0
1744,18,Male,East,28.3,112.3,233.4,103.6,0
1745,50,Male,East,23.9,131.1,209.7,95.6,0
1746,63,Male,South,22.2,130.8,196.9,102.2,0
1747,77,Female,West,,157.2,184.5,125.3,1
1748,56,Male,South,30.2,112.6,209,86.4,0
1749,42,Male,East,19.4,139.4,183.2,99.8,0
1750,34,Male,West,,143.8,228,103.3,1
1751,48,Female,East,34.9,136,134.7,124.6,0
1752,43,Male,East,21.4,107.7,174.4,100.5,0
1753,32,Female,West,31.5,147.9,272.7,148.2,0
1754,81,Female,West,24.5,144.9,171.2,99.1,0
1755,77,Male,South,29.8,134.2,185.9,97.1,0
1756,66,Female,South,32.7,127.5,161.5,98.7,0
1757,33,Male,North,30.9,127.8,207.8,70.1,0
1758,,Male,East,31.7,122.7,167,77.1,0
1759,58,Female,West,21,134.9,187.9,89.7,0
1760,55,Female,South,32.8,124.5,227.3,131.4,0
1761,68,Male,South,22.6,109.6,168.4,102.2,0
1762,58,Female,North,28.3,106.2,225,90.9,0
1763,60,Male,South,,111.2,226.2,,0
1764,58,Female,North,,127.8,235.1,141.8,0
1765,53,Female,West,28.8,123.5,200.3,134.4,0
1766,19,Female,East,22.6,127.7,318.2,81.7,0
1767,49,Female,North,20,132.5,,90.6,0
1768,39,Male,North,31.5,113.3,207.3,148.3,0
1769,28,Female,West,28,148.9,161.7,109,0
1770,75,Female,West,33,119.4,191.3,96.3,0
1771,76,Female,West,26.8,116.6,249.2,121,0
1772,70,Male,North,19.7,132.2,260,128.2,0
1773,52,Male,North,32,92.8,251.2,88.7,0
1774,70,Male,North,25.1,110.6,224.8,108.5,0
1775,,Male,West,28.8,140.7,147.3,126.2,0
1776,51,Male,West,23.6,94.5,,,0
1777,31,Male,West,35.6,143,147.8,103.3,0
1778,54,Female,North,22.4,149.7,138.5,75.1,1
1779,49,Male,North,25.2,117.7,204.1,78.4,0
1780,27,Female,West,27.6,129,214.9,88.9,0
1781,47,Female,West,21.3,143,229.3,114.9,0
1782,47,Female,East,28.7,116.1,213.9,94.9,0
1783,77,Male,North,35.4,138.8,215.2,86.8,0
1784,62,Female,North,24.4,112.6,157.6,104.3,0
1785,48,Female,North,29.1,115.9,191,74.3,0
1786,52,Female,East,15,110.4,137.7,113.7,0
1787,49,Female,West,26.8,129.8,118.9,131.3,0
1788,45,Female,East,25.4,143.7,223.1,101,0
1789,31,Female,South,22.7,120.9,166.4,97.9,0
1790,46,,West,32.6,102.4,228.2,112.3,0
1791,,Male,North,25.3,105.6,237.1,60,0
1792,28,Female,West,26.1,130.7,171.5,116.4,0
1793,56,Male,West,25,155.3,217.4,180.5,0
1794,54,Female,East,17,130.7,169.9,99.9,0
1795,19,Female,West,21.1,117.4,124.9,100,0
1796,46,Male,East,32,137,,121.6,0
1797,64,Female,South,16,119.9,177.1,144.1,0
1798,65,Male,South,23,117.6,178.3,127.4,0
1799,64,Male,West,24.9,107.7,270.1,60,0
1800,49,Male,East,36.1,147.9,137,117.1,0
1801,34,Male,North,31,85,209.5,167.3,0
1802,31,Male,West,24.1,137.6,,118.6,0
1803,54,Male,North,33.8,116.1,229.5,74.1,0
1804,54,Female,East,23.1,117,206.3,110,0
1805,69,Female,North,32.2,152.8,209.4,71,0
1806,66,Male,East,19.9,111.9,159.1,133.8,0
1807,,Female,South,32.6,112.4,165.9,79.1,0
1808,28,Male,South,24.9,121.8,230.2,104.9,0
1809,43,Female,East,21.7,131,,81.6,0
1810,51,Male,West,25.9,116.5,213.3,89.3,0
1811,45,Female,South,28.4,97.2,160.9,140.2,0
1812,39,Male,West,24.4,109.3,207.9,105.6,0
1813,52,Female,South,29.9,145.8,287.2,89,0
1814,40,Male,North,24,125.3,198.9,74.4,0
1815,38,Female,North,30.2,131.7,250.5,60,0
1816,53,Male,North,29.3,119.6,166.9,71.7,0
1817,42,Female,East,26.7,112.8,193.4,105.8,0
1818,52,Female,East,24.7,152.5,218.5,127.5,0
1819,52,Female,South,27.8,120.8,210.1,89,0
1820,30,Female,South,29.9,116.5,165.9,142.3,0
1821,40,Female,West,37.7,142.6,164.2,85.1,0
1822,71,Male,East,31.9,111.7,232.6,97,0
1823,29,Male,North,32.1,113.9,240.3,76,0
1824,18,Male,North,,124.2,252.5,127.8,0
1825,18,Male,South,29.7,124,263.5,155.4,0
1826,48,Female,South,29.5,128.4,200.1,60,0
1827,48,Female,West,30.7,159.6,183.2,94.3,0
1828,46,Female,East,21.8,129.7,246.3,134.6,0
1829,67,Female,West,24.7,85,222.1,66.8,0
1830,,Female,East,24.4,129.5,157.7,117.2,0
1831,54,Female,,30.4,124.6,155.7,133.5,1
1832,73,Female,East,26.1,124.7,213.7,105,0
1833,30,Male,East,27.7,128.2,188.3,116.8,0
1834,42,Female,East,32.7,123.5,194,147,0
1835,36,Female,North,31.5,123.1,235.8,151.7,0
1836,34,Male,East,26.2,134.4,223.8,101.5,0
1837,43,Male,South,23.5,114.8,245.5,89.7,0
1838,71,Female,West,32.9,107.9,121.6,80,0
1839,77,Female,West,31,175.4,204.6,127.4,1
1840,43,Female,East,18.6,111.8,221.4,68.7,0
1841,78,Female,West,25.4,125.7,137,96.7,0
1842,49,Male,East,27.9,98.6,170.1,105.6,0
1843,76,Male,North,31,126,163.1,90.4,1
1844,47,Female,East,31.7,108.1,195.8,110,0
1845,50,Female,West,28.5,116.5,256.9,167.1,0
1846,54,Female,North,30,141.8,271.9,100,1
1847,90,Female,North,27.3,132,164.1,92.1,0
1848,62,Male,South,23.5,133.7,215,128.4,0
1849,37,Female,West,25.6,93.9,216.2,109,0
1850,64,Male,East,27.1,155.2,209.7,139,1
1851,42,Male,West,26.8,103.7,,107.1,0
1852,40,Male,West,17.2,150,206.5,96.8,0
1853,63,Male,East,24.9,141.4,259.1,60,0
1854,48,Female,East,27.3,133.8,236.9,62.5,0
1855,52,Male,South,25.5,109.5,154.7,60,0
1856,48,Male,North,25.7,126.6,,112.5,0
1857,53,Female,South,29.5,116,228.9,68.9,0
1858,55,Female,East,21.4,124.5,207,134.4,1
1859,18,Male,North,18.5,119.8,238,103.8,0
1860,59,Male,North,25.2,89.3,202.1,96.9,0
1861,32,Male,North,31,143.1,202.6,81.9,0
1862,25,Female,East,35.8,122.6,199.6,118.6,0
1863,47,Male,West,,115.8,118.3,82.9,0
1864,49,Male,West,19.4,114.5,191.9,78.4,0
1865,37,Male,South,25.8,130.1,169.6,132.7,0
1866,61,Female,East,28.3,108.8,149.9,111.9,0
1867,27,Male,West,27.9,85.7,249.5,97.1,0
1868,41,Female,East,29.8,130.9,214.2,,0
1869,39,Male,South,22.2,132.8,193.9,,0
1870,47,Female,South,27.3,120.6,173.5,112.6,0
1871,52,Male,East,29.2,104.5,206.3,82.6,0
1872,32,Male,South,31.3,125.5,232.7,154.8,0
1873,60,Male,West,22.8,99.1,163.6,88.5,0
1874,49,Female,West,25.2,106.5,194.8,141.9,0
1875,18,Female,North,15,111.2,228,98.3,0
1876,18,Male,East,23.8,65,121.4,123.2,0
1877,48,Male,South,24.3,117.8,192.8,121.4,0
1878,44,Female,East,21.7,116.4,178.7,131.7,0
1879,46,Female,South,27.9,157.2,189.9,82,0
1880,48,Male,South,26.7,130,175.9,129.9,0
1881,52,Male,South,15.3,129.8,200.2,149.2,0
1882,63,Female,North,28.1,117.7,268.1,96.5,0
1883,30,Female,West,22.2,113.9,182.7,103.9,0
1884,29,Female,North,29.5,86.8,206.1,89.9,0
1885,31,Female,South,20.3,140.5,270.8,94.3,0
1886,53,Female,North,27.2,131.6,174.1,145.8,0
1887,68,Male,North,25.5,121,264,77.9,1
1888,41,Male,South,28.6,121.7,195.2,79.4,0
1889,18,Male,West,27.6,136.5,262.7,143.3,0
1890,21,Male,West,25.7,97.6,223.5,118.6,0
1891,35,Male,South,19,114,206.7,156,0
1892,39,Male,East,19.3,104.7,192.5,91.7,0
1893,41,Female,West,24,154.1,171.3,106.2,0
1894,49,Male,North,27,138.9,197.9,86.5,0
1895,43,Male,West,23.8,86.6,229.1,106.6,0
1896,65,Female,North,30.3,98.3,194.5,60,0
1897,37,Female,North,25.5,121.8,,120.1,0
1898,34,Female,South,22,116,185.5,111.1,0
1899,56,Female,North,25.6,101.5,232.7,101.6,0
1900,23,Female,West,28.2,157.1,241.6,93.2,0
1901,54,Male,West,28.7,129.3,169.6,80.6,0
1902,50,Male,South,36.8,132.1,169.6,121.2,1
1903,46,Female,West,23.5,112.2,209.4,73.7,0
1904,73,Male,West,26.6,136.3,253,115.8,0
1905,38,Male,West,29.2,117.5,238.5,154.9,0
1906,81,Male,West,26.9,119.2,147.4,140.1,0
1907,44,Male,East,24.4,134.4,185,65.4,0
1908,28,Male,North,18.9,96.3,159.6,89.6,0
1909,49,Male,West,24.3,151.1,184.8,113.5,0
1910,31,Female,East,21.4,127.1,256,101.2,0
1911,36,Female,West,18,145.8,140.9,68,0
1912,54,Male,West,22.9,105.7,133.5,112.6,0
1913,57,Female,North,21.6,108.3,163.5,102.7,0
1914,38,Male,South,30,104.2,205.9,150.9,0
1915,64,Female,North,30.1,128.3,218.6,96.7,0
1916,67,Female,North,22.3,125.1,211.6,132.2,0
1917,71,Male,West,25.6,116.1,239.7,71.3,0
1918,56,Female,West,17.3,106.8,128,77.3,0
1919,70,Female,West,24.4,102.5,240.2,121,0
1920,18,Female,West,29.1,123.2,183.1,,0
1921,43,Female,East,31.3,116.1,222.8,79.1,0
1922,34,Female,East,23.3,112.3,144.7,103.6,0
1923,50,Male,West,32.5,150.3,195.2,68.5,0
1924,39,Female,East,19.1,122.6,204,98.5,0
1925,45,Female,East,20.5,145.6,238.9,123.9,0
1926,78,,North,30.7,114.9,134.8,92.1,0
1927,45,Male,East,35.7,128.2,196.2,96.8,1
1928,55,Female,West,29.6,123.1,153.8,74.8,0
1929,44,Male,East,26.8,95.1,214.2,86.8,0
1930,49,Female,South,15.6,148.3,224.5,147,0
1931,48,Male,North,16.5,121.7,243.9,104.8,0
1932,55,Female,North,27.7,136.7,174.7,77.9,0
1933,67,Female,East,25.1,111.2,230.2,95.1,0
1934,74,Male,East,21.2,121.2,246.7,63.1,0
1935,53,Female,West,27.3,109.3,132.6,77.6,0
1936,57,Male,West,27.6,145,218.3,137,0
1937,30,Female,South,31.9,129.3,231.4,99.4,0
1938,47,Female,West,27.7,130.2,185.2,150.3,0
1939,63,Male,East,33.4,147.1,149,,1
1940,62,Male,South,27,143.7,230.8,102.1,0
1941,51,Male,West,26.4,137,149.4,119,0
1942,62,Male,North,32.5,99.8,188.2,60,0
1943,56,Female,East,21.9,112.2,193.5,108.1,0
1944,67,Female,West,41.6,106.9,222.2,101.8,1
1945,53,Male,East,29,136.4,171.2,140.2,0
1946,42,Female,West,29,126.9,169,127.1,0
1947,53,Male,,29.7,100.4,198.8,74.7,0
1948,18,Female,East,36.8,120.8,233.2,134.1,0
1949,54,Male,West,31.1,98.6,281.9,96.4,0
1950,18,Female,East,18.7,123.1,137.7,80.4,0
1951,20,Female,West,34.3,95.9,207,107.9,0
1952,55,Male,South,25.2,133,153.7,97.9,1
1953,,Female,East,27.6,130.4,233.7,141.5,1
1954,29,Female,South,20.3,156.4,159.3,,0
1955,37,Male,West,29.7,138.4,169.4,108.1,0
1956,70,Male,North,23.6,116.8,172.6,125.5,0
1957,40,Female,South,27.5,137.9,192.1,130.3,1
1958,84,Male,North,25.5,100.2,207.3,122.6,0
1959,48,Male,East,37,107.6,213.4,138.5,0
1960,55,Male,North,37.3,129.7,194.8,118.2,0
1961,74,Female,South,27.2,87.3,144.5,107.2,0
1962,50,Male,West,27.3,123.4,222.7,134,0
1963,32,,South,25.1,106.7,193,100.7,0
1964,46,Female,North,32.8,125.7,239.1,103.8,0
1965,47,Female,North,25.3,105.7,168.1,146,0
1966,26,Female,North,24.8,131.2,134.1,143.5,0
1967,,Male,West,32.1,124.3,193.7,102.8,0
1968,36,Female,East,24.2,147.8,244.2,91.7,0
1969,63,Female,West,26.8,124.1,201.1,139.6,0
1970,49,Male,North,18.8,110.9,187.4,123,0
1971,43,Female,South,30.7,119.8,161.9,110.9,0
1972,46,Male,North,37.1,101.1,261.8,95,0
1973,52,Male,South,30.8,130.9,155.9,111.3,0
1974,58,Male,East,34.6,134,167.4,102.5,0
1975,32,Female,West,22.6,166,216.7,86.4,0
1976,31,Male,South,28.2,113.4,124.5,106.2,0
1977,66,Male,West,22.1,119.4,243.4,109.6,0
1978,41,,East,,114.2,218.7,93.6,0
1979,25,Male,South,31,127.6,229.2,125.6,0
1980,55,Male,West,27.5,130.5,216.2,135.2,0
1981,55,Female,South,19.7,123.1,188.9,127.2,0
1982,24,Male,North,20.2,142.5,154.6,96.1,0
1983,52,Male,West,19.8,113.5,189.7,121.9,0
1984,60,Female,West,29.6,140.8,157.9,104.9,0
1985,54,Male,North,37.7,133.2,213.5,72.1,0
1986,58,Female,West,34.1,123.8,225.7,119.8,0
1987,26,Male,West,17.1,118.6,251.1,,0
1988,53,Male,West,34.4,165.3,209.1,167.8,1
1989,43,Male,South,31.9,110.1,230.1,139.4,1
1990,40,Male,East,19,129.1,183.7,120.8,0
1991,,Male,East,25.4,111.2,176.8,109.2,0
1992,72,Female,East,32.7,154.4,213,107.1,0
1993,77,Male,East,29.9,139.1,180.3,77.9,0
1994,69,Female,East,20.2,112.5,205.2,60,0
1995,46,Female,East,30.2,132.7,154.7,81.2,0
1996,54,Male,East,15.9,128.4,161.5,101.8,0
1997,60,Female,East,25.8,115.2,219.1,60,0
1998,50,Male,North,32.9,136.9,228.7,89.4,0
1999,50,Male,North,27.1,130.6,157.5,96.8,0
2000,61,Male,West,24.4,127.7,220.5,97.6,0
