Patient_id,Age,Gender,Region,BMI,Blood_pressure,Cholesterol,Glucose,Disease_risk,miss_Age,Cholesterol_w
1001,53.0,Female,North,22.4,139.1,53.0,89.7,0,0,61.75
1002,31.0,Male,West,28.1,140.6,31.0,103.4,0,0,61.75
1003,60.0,Male,West,26.8,146.3,60.0,138.4,1,0,61.75
1004,63.0,Male,West,26.5,138.9,63.0,123.2,0,0,63.0
1005,18.0,Male,South,26.4,142.4,18.0,122.9,0,0,61.75
1006,27.0,Male,North,27.6,136.5,27.0,150.7,0,0,61.75
1007,50.0,Female,West,31.4,128.5,50.0,85.4,0,0,61.75
1008,43.0,Female,East,27.1,125.5,43.0,78.4,0,0,61.75
1009,48.0,Female,North,27.0,120.0,48.0,84.9,0,0,61.75
1010,34.0,Male,West,31.2,103.4,34.0,96.6,0,0,61.75
1011,62.0,Male,West,23.4,107.8,62.0,60.0,0,0,62.0
1012,60.0,Male,South,31.0,119.2,60.0,97.8,0,0,61.75
1013,49.0,Female,West,23.0,128.1,49.0,89.4,0,0,61.75
1014,66.0,Female,West,32.7,148.5,66.0,122.6,0,0,66.0
1015,55.0,Male,East,38.5,123.3,55.0,111.8,0,0,61.75
1016,34.0,Female,East,26.4,141.1,34.0,88.0,0,0,61.75
1017,54.0,Male,South,15.6,142.3,54.0,117.7,0,0,61.75
1018,33.0,Male,West,24.2,120.1,33.0,121.1,0,0,61.75
1019,62.0,Male,West,33.4,134.1,62.0,83.8,0,0,62.0
1020,47.0,Male,West,29.9,119.9,47.0,90.7,0,0,61.75
1021,45.0,Female,East,28.3,146.5,45.0,60.0,0,0,61.75
1022,37.0,Female,North,32.2,134.8,37.0,75.7,0,0,61.75
1023,68.0,Male,South,29.5,103.8,68.0,84.4,0,0,68.0
1024,46.0,Female,South,33.3,126.7,46.0,104.9,0,0,61.75
1025,41.0,Female,West,31.8,152.0,41.0,79.4,0,0,61.75
1026,42.0,Female,East,27.1,120.9,42.0,90.2,0,0,61.75
1027,57.0,Female,East,28.9,131.6,57.0,72.4,0,0,61.75
1028,54.0,Male,North,31.7,133.3,54.0,107.3,0,0,61.75
1029,55.0,Female,West,25.4,106.4,55.0,113.6,0,0,61.75
1030,55.0,Male,South,23.9,132.7,55.0,113.1,0,0,61.75
1031,82.0,Female,North,35.9,100.3,82.0,103.3,0,0,82.0
1032,41.0,Male,South,28.1,113.4,41.0,64.5,0,0,61.75
1033,40.0,Female,North,31.2,142.3,40.0,87.5,0,0,61.75
1034,35.0,Male,North,27.6,130.1,35.0,92.8,0,0,61.75
1035,58.0,Male,North,24.0,118.8,58.0,92.9,0,0,61.75
1036,66.0,Female,South,27.1,131.6,66.0,104.9,0,0,66.0
1037,46.0,Female,North,34.5,123.0,46.0,138.6,0,0,61.75
1038,35.0,Male,West,29.9,124.2,35.0,123.3,0,0,61.75
1039,35.0,Female,East,18.1,135.2,35.0,78.3,0,0,61.75
1040,58.0,Female,South,25.9,111.6,58.0,120.0,0,0,61.75
1041,54.0,Male,North,36.3,124.7,54.0,119.0,0,1,61.75
1042,57.0,Female,South,25.9,118.7,57.0,82.8,0,0,61.75
1043,37.0,Male,North,17.6,97.0,37.0,124.2,0,0,61.75
1044,52.0,Female,West,36.8,108.4,52.0,99.0,0,0,61.75
1045,50.0,Male,South,27.1,150.7,50.0,67.8,0,0,61.75
1046,51.0,Male,South,26.6,130.5,51.0,114.4,0,0,61.75
1047,62.0,Female,North,25.1,225.0,62.0,108.4,0,0,62.0
1048,52.0,Female,North,32.6,97.8,52.0,97.3,0,0,61.75
1049,59.0,Female,North,24.2,122.1,59.0,102.1,0,0,61.75
1050,49.0,Female,North,33.0,150.5,49.0,85.0,0,0,61.75
1051,53.0,Female,East,29.8,120.8,53.0,118.3,0,0,61.75
1052,58.0,Female,West,28.3,146.2,58.0,102.55144052669237,0,0,61.75
1053,25.0,Male,West,27.8,130.0,25.0,107.2,0,0,61.75
1054,43.0,Male,South,26.1,132.0,43.0,111.9,1,0,61.75
1055,40.0,Male,West,32.4,101.3,40.0,74.1,0,0,61.75
1056,38.0,Male,East,22.5,139.9,38.0,80.6,0,0,61.75
1057,44.0,Female,North,52.0,118.3,44.0,60.0,0,0,61.75
1058,72.0,Male,North,30.2,138.7,72.0,117.1,0,0,72.0
1059,34.0,Male,East,30.3,110.2,34.0,72.7,0,0,61.75
1060,63.0,Female,South,29.5,127.0,63.0,106.3,0,0,63.0
1061,21.0,Male,North,29.1,130.0,21.0,112.3,0,0,61.75
1062,43.0,Male,West,25.3,121.4,43.0,118.1,0,0,61.75
1063,51.0,Female,East,31.1,130.9,51.0,72.9,0,0,61.75
1064,57.0,Female,East,26.8,119.5,57.0,101.4,0,0,61.75
1065,59.0,Male,West,24.5,113.0,59.0,144.8,0,0,61.75
1066,61.0,Male,West,25.4,151.3,61.0,145.9,0,0,61.75
1067,42.0,Male,West,37.5,141.8,42.0,127.7,1,0,61.75
1068,41.0,Female,South,18.0,111.1,41.0,111.4,0,0,61.75
1069,62.0,Female,West,29.6,133.7,62.0,77.9,0,0,62.0
1070,45.0,Male,East,18.3,111.4,45.0,121.0,0,0,61.75
1071,28.0,Female,East,26.4,103.9,28.0,99.0,0,0,61.75
1072,30.0,Male,West,24.7,141.6,30.0,117.0,0,0,61.75
1073,33.0,Male,North,16.2,95.0,33.0,87.2,0,0,61.75
1074,56.0,Female,South,29.0,139.8,56.0,98.7,0,0,61.75
1075,50.0,Male,North,25.0,119.7,50.0,107.1,0,0,61.75
1076,59.0,Male,South,16.1,120.4,59.0,109.2,0,0,61.75
1077,41.0,Male,South,31.4,131.0,41.0,115.3,0,0,61.75
1078,51.0,Female,West,34.5,133.9,51.0,118.90215013962339,0,0,61.75
1079,58.0,Female,West,34.7,110.0,58.0,69.4,0,0,61.75
1080,43.0,Female,South,28.9,136.2,43.0,143.6,0,0,61.75
1081,55.0,Male,South,27.2,125.9,55.0,165.2,0,0,61.75
1082,37.0,Male,South,33.9,102.6,37.0,114.2,0,0,61.75
1083,42.0,Female,West,35.7,121.1,42.0,69.9,0,0,61.75
1084,42.0,Male,West,32.9,147.5,42.0,83.7,0,0,61.75
1085,29.0,Female,North,22.1,152.5,29.0,115.7,0,0,61.75
1086,56.0,Female,North,28.0,136.2,56.0,136.5,0,0,61.75
1087,40.0,Male,East,29.3,103.8,40.0,106.51950974765528,0,0,61.75
1088,48.0,Female,South,17.6,132.3,48.0,99.9,0,0,61.75
1089,56.0,Male,North,29.4,138.5,56.0,107.9,0,0,61.75
1090,55.0,Male,North,38.8,136.3,55.0,124.6,1,0,61.75
1091,59.0,Female,South,30.3,137.3,59.0,107.60258814696687,0,0,61.75
1092,46.0,Female,South,34.7,130.2,46.0,63.9,0,0,61.75
1093,41.0,Female,East,28.0,122.8,41.0,118.5,0,0,61.75
1094,47.0,Female,North,26.6,113.7,47.0,131.1,0,0,61.75
1095,21.0,Female,East,29.0,91.7,21.0,100.9,0,0,61.75
1096,25.0,Female,East,22.8,129.8,25.0,113.1,0,0,61.75
1097,27.0,Female,South,22.0,127.2,27.0,91.1,0,0,61.75
1098,32.0,Male,North,33.6,133.5,32.0,81.9,0,0,61.75
1099,54.0,Female,East,34.1,101.3,54.0,128.7,0,0,61.75
1100,34.0,Female,East,21.8,135.0,34.0,112.7,0,0,61.75
1101,42.0,Male,South,32.0,158.9,42.0,115.3,0,0,61.75
1102,69.0,Male,South,26.5,125.3,69.0,140.6,0,0,69.0
1103,42.0,Male,East,28.8,123.0,42.0,76.6,0,0,61.75
1104,60.0,Male,South,29.4,129.3,60.0,89.2,0,0,61.75
1105,33.0,Female,South,32.2,158.5,33.0,106.9,1,0,61.75
1106,45.0,Male,South,27.4,106.6,45.0,88.9,0,0,61.75
1107,33.0,Female,South,34.3,127.5,33.0,122.6,0,0,61.75
1108,43.0,Female,East,28.6,110.4,43.0,98.3,0,0,61.75
1109,61.0,Female,South,30.2,114.7,61.0,78.2,0,0,61.75
1110,20.0,Male,South,22.7,123.2,20.0,104.6,0,0,61.75
1111,55.0,Male,East,38.2,146.9,55.0,107.3,0,0,61.75
1112,52.0,Female,South,29.4,154.6,52.0,126.4,0,0,61.75
1113,38.0,Female,North,30.7,131.6,38.0,112.8,0,0,61.75
1114,25.0,Female,West,18.6,117.6,25.0,114.5,0,0,61.75
1115,49.0,Female,North,22.7,166.4,49.0,111.0,0,0,61.75
1116,40.0,Male,East,33.4,116.7,40.0,98.3,0,0,61.75
1117,52.0,Female,South,28.5,114.3,52.0,85.1,0,0,61.75
1118,48.0,Male,North,17.0,93.8,48.0,110.2,0,0,61.75
1119,74.0,Male,North,32.4,147.7,74.0,94.7,0,0,74.0
1120,44.0,Female,West,24.2,140.5,44.0,108.252348581199,0,0,61.75
1121,32.0,Male,South,34.3,165.1,32.0,136.6,0,0,61.75
1122,51.0,Male,South,26.5,100.4,51.0,118.8,0,0,61.75
1123,52.0,Male,East,28.1,148.8,52.0,112.5,0,0,61.75
1124,70.0,Male,North,33.1,125.2,70.0,100.8,0,0,70.0
1125,61.0,Female,East,22.3,137.7,61.0,71.5,0,0,61.75
1126,54.0,Male,South,21.8,96.0,54.0,97.6,0,0,61.75
1127,71.0,Female,East,26.0,149.0,71.0,105.5,0,0,71.0
1128,29.0,Female,North,31.3,137.4,29.0,108.7,0,0,61.75
1129,38.0,Male,West,20.1,123.3,38.0,114.7,0,0,61.75
1130,33.0,Male,North,18.3,135.0,33.0,126.0,0,0,61.75
1131,42.0,Female,East,31.3,111.0,42.0,85.7,0,0,61.75
1132,26.0,Female,East,23.9,114.1,26.0,85.9,0,0,61.75
1133,58.0,Female,South,25.0,116.1,58.0,139.3,0,0,61.75
1134,44.0,Female,North,17.3,92.5,44.0,122.3,0,0,61.75
1135,24.0,Male,South,23.5,138.6,24.0,93.2,0,0,61.75
1136,32.0,Male,West,27.0,144.3,32.0,100.3,0,0,61.75
1137,53.0,Female,West,31.8,112.1,53.0,100.4,0,0,61.75
1138,61.0,Male,West,23.0,129.9,61.0,103.8,0,0,61.75
1139,80.0,Female,North,35.6,119.5,80.0,114.8,1,0,80.0
1140,90.0,Female,East,23.4,129.6,90.0,166.4,1,0,90.0
1141,55.0,Female,North,23.4,113.3,55.0,107.7,0,0,61.75
1142,32.0,Male,East,35.0,109.0,32.0,119.6,0,0,61.75
1143,66.0,Male,South,28.1,141.9,66.0,60.8,0,1,66.0
1144,52.0,Male,East,24.1,122.9,52.0,90.9,0,0,61.75
1145,35.0,Male,East,26.2,158.4,35.0,133.7,0,0,61.75
1146,41.0,Female,West,34.0,124.8,41.0,113.1,0,0,61.75
1147,38.0,Male,South,34.6,108.3,38.0,60.0,0,0,61.75
1148,46.0,Male,South,22.8,144.9,46.0,119.9,0,0,61.75
1149,65.0,Male,East,26.8,134.7,65.0,151.0,0,0,65.0
1150,51.0,Male,North,27.5,136.4,51.0,60.0,0,0,61.75
1151,45.0,Female,North,21.9,144.2,45.0,141.0,0,0,61.75
1152,31.0,Male,East,26.7,112.9,31.0,60.0,0,0,61.75
1153,21.0,Female,West,27.0,121.8,21.0,126.4,0,0,61.75
1154,40.0,Male,East,32.9,121.1,40.0,102.8,0,0,61.75
1155,47.0,Female,West,33.3,102.1,47.0,60.0,0,0,61.75
1156,76.0,Male,North,25.3,119.5,76.0,114.2,0,0,76.0
1157,50.0,Male,South,25.9,146.7,50.0,131.8,0,0,61.75
1158,64.0,Female,East,30.5,128.0,64.0,112.1,0,0,64.0
1159,40.0,Female,South,24.0,101.1,40.0,117.6,0,0,61.75
1160,29.0,Female,North,30.1,97.6,29.0,92.7,0,0,61.75
1161,33.0,Male,North,26.5,152.3,33.0,60.0,0,0,61.75
1162,36.0,Male,West,22.0,122.5,36.0,120.3,0,0,61.75
1163,82.0,Female,East,22.0,113.0,82.0,146.7,0,0,82.0
1164,35.0,Male,South,34.5,119.3,35.0,131.2,0,0,61.75
1165,61.0,Female,South,26.2,98.9,61.0,60.0,0,0,61.75
1166,34.0,Female,North,35.5,148.2,34.0,65.1,0,0,61.75
1167,63.0,Female,West,24.3,117.3,63.0,81.9,0,0,63.0
1168,54.0,Female,North,28.5,147.2,54.0,63.2,0,0,61.75
1169,45.0,Female,West,39.4,124.9,45.0,104.1,0,0,61.75
1170,55.0,Male,North,21.5,148.3,55.0,112.8,0,1,61.75
1171,38.0,Male,South,17.1,128.4,38.0,67.2,0,0,61.75
1172,55.0,Male,South,33.7,138.5,55.0,122.4,0,0,61.75
1173,41.0,Male,West,22.7,136.2,41.0,118.0,0,0,61.75
1174,28.0,Male,North,26.9,134.6,28.0,89.3,0,0,61.75
1175,28.0,Male,South,24.0,129.9,28.0,98.7,0,0,61.75
1176,51.0,Female,South,28.4,120.0,51.0,60.0,0,0,61.75
1177,73.0,Female,South,22.1,156.6,73.0,94.7,0,0,73.0
1178,51.0,Female,North,26.1,108.6,51.0,103.2,0,0,61.75
1179,46.0,Male,West,29.3,124.1,46.0,107.2,0,0,61.75
1180,53.0,Male,South,21.8,124.3,53.0,112.5,0,0,61.75
1181,69.0,Female,South,23.4,130.8,69.0,109.1,0,0,69.0
1182,52.0,Male,South,25.2,116.7,52.0,96.4,0,0,61.75
1183,41.0,Female,West,19.6,129.4,41.0,110.2,0,0,61.75
1184,66.0,Female,South,24.8,121.1,66.0,128.1,0,0,66.0
1185,55.0,Male,South,27.6,97.1,55.0,100.6,1,0,61.75
1186,73.0,Male,South,24.9,124.2,73.0,110.9,0,0,73.0
1187,51.0,Male,South,25.6,105.3,51.0,98.3,0,0,61.75
1188,28.0,Female,North,26.9,94.5,28.0,86.8,0,0,61.75
1189,26.0,Female,East,23.6,126.3,26.0,116.1,0,0,61.75
1190,74.0,Male,North,30.6,132.3,74.0,89.1,1,0,74.0
1191,76.0,Female,North,34.5,133.0,76.0,112.7,1,0,76.0
1192,45.0,Male,North,24.6,133.6,45.0,103.7,0,0,61.75
1193,42.0,Male,South,29.5,91.1,42.0,95.4,1,0,61.75
1194,71.0,Female,West,25.8,100.9,71.0,94.8,0,0,71.0
1195,30.0,Male,East,28.9,157.5,30.0,310.0,0,0,61.75
1196,34.0,Male,West,27.1,106.2,34.0,61.9,0,0,61.75
1197,58.0,Female,South,29.6,134.4,58.0,112.6,0,0,61.75
1198,42.0,Male,West,17.8,112.3,42.0,108.8,0,0,61.75
1199,48.0,Female,North,29.4,125.4,48.0,99.88620694019568,0,0,61.75
1200,45.0,Male,East,33.4,113.2,45.0,89.7,0,0,61.75
1201,57.0,Male,West,25.8,133.5,57.0,103.18555326117733,1,1,61.75
1202,71.0,Male,East,32.2,126.3,71.0,99.52061240165138,1,0,71.0
1203,49.0,Male,West,23.4,116.4,49.0,81.1,0,0,61.75
1204,58.0,Male,South,19.3,106.1,58.0,78.2,0,0,61.75
1205,18.0,Male,North,27.7,128.6,18.0,60.0,0,0,61.75
1206,41.0,Male,West,17.9,103.4,41.0,141.3,0,1,61.75
1207,35.0,Male,North,25.8,131.3,35.0,137.3,0,0,61.75
1208,28.0,Male,West,27.1,168.7,28.0,118.0,0,0,61.75
1209,34.0,Male,East,17.1,147.0,34.0,80.6,0,0,61.75
1210,43.0,Male,West,20.3,136.2,43.0,148.3,0,0,61.75
1211,63.0,Male,South,21.6,122.5,63.0,94.2,0,0,63.0
1212,27.0,Female,West,26.7,91.0,27.0,96.3,0,0,61.75
1213,47.0,Male,North,25.1,101.5,47.0,138.9,0,1,61.75
1214,40.0,Female,South,34.3,145.8,40.0,119.5,0,0,61.75
1215,43.0,Female,North,32.0,110.6,43.0,158.0,0,0,61.75
1216,64.0,Male,West,29.6,112.1,64.0,109.2,0,0,64.0
1217,57.0,Male,East,27.8,121.2,57.0,93.1,0,0,61.75
1218,69.0,Male,West,29.0,105.9,69.0,87.7,0,0,69.0
1219,46.0,Female,West,22.5,103.1,46.0,60.0,0,0,61.75
1220,37.0,Male,South,31.5,123.1,37.0,96.0,0,1,61.75
1221,44.0,Female,North,21.2,108.8,44.0,131.6,0,0,61.75
1222,52.0,Female,West,27.1,111.4,52.0,118.0,0,0,61.75
1223,51.0,Female,South,33.2,110.7,51.0,103.5,0,0,61.75
1224,31.0,Female,North,28.1,132.9,31.0,78.1,0,0,61.75
1225,49.0,Female,West,26.1,120.1,49.0,108.7,0,0,61.75
1226,52.0,Male,West,29.1,121.0,52.0,128.3,0,0,61.75
1227,88.0,Male,South,15.0,134.1,88.0,113.8,0,0,88.0
1228,78.0,Male,West,28.6,121.6,78.0,107.2,0,0,78.0
1229,34.0,Female,North,26.4,119.3,34.0,83.1,0,0,61.75
1230,43.0,Female,North,26.7,132.0,43.0,124.7,0,0,61.75
1231,25.0,Female,South,30.7,135.4,25.0,60.0,0,0,61.75
1232,39.0,Male,East,27.1,121.5,39.0,112.6,0,0,61.75
1233,53.0,Female,North,21.1,125.4,53.0,167.3,0,0,61.75
1234,67.0,Female,North,26.3,110.7,67.0,65.3,0,0,67.0
1235,36.0,Female,East,27.4,109.4,36.0,97.0,0,0,61.75
1236,38.0,Female,West,27.6,137.1,38.0,102.8,0,0,61.75
1237,18.0,Male,East,27.8,131.6,18.0,91.4,0,0,61.75
1238,45.0,Male,West,32.4,131.7,45.0,128.9,0,0,61.75
1239,31.0,Female,West,21.4,128.8,31.0,114.8,0,0,61.75
1240,40.0,Male,East,27.9,124.8,40.0,106.8,0,0,61.75
1241,34.0,Male,East,33.7,135.8,34.0,122.9,0,0,61.75
1242,46.0,Male,West,18.0,139.9,46.0,116.74288466485667,0,0,61.75
1243,20.0,Male,South,27.9,139.5,20.0,182.5,0,0,61.75
1244,25.0,Female,North,8.5,122.3,25.0,106.8,0,0,61.75
1245,82.0,Female,West,25.1,147.6,82.0,107.9,0,0,82.0
1246,27.0,Male,South,22.3,127.9,27.0,60.2,0,0,61.75
1247,30.0,Male,West,26.1,134.8,30.0,89.4,0,0,61.75
1248,77.0,Male,South,36.6,128.8,77.0,131.7,1,0,77.0
1249,90.0,Female,West,20.4,128.2,90.0,69.6,0,0,90.0
1250,29.0,Female,North,20.9,111.5,29.0,60.0,0,0,61.75
1251,42.0,Male,East,20.2,135.9,42.0,103.8,0,0,61.75
1252,53.0,Male,South,36.0,172.4,53.0,137.3,1,0,61.75
1253,76.0,Male,South,24.6,117.6,76.0,104.1,0,0,76.0
1254,32.0,Male,South,26.9,125.2,32.0,94.6,0,0,61.75
1255,44.0,Female,West,24.9,116.4,44.0,111.96034237534161,0,0,61.75
1256,60.0,Male,South,22.1,115.7,60.0,114.3,0,0,61.75
1257,55.0,Female,West,27.1,150.3,55.0,119.5,0,0,61.75
1258,42.0,Female,South,27.1,112.6,42.0,60.0,0,0,61.75
1259,46.0,Male,North,34.2,115.9,46.0,131.4,0,0,61.75
1260,26.0,Male,West,22.6,97.0,26.0,122.1,0,0,61.75
1261,44.0,Male,North,30.4,111.1,44.0,131.3,0,0,61.75
1262,44.0,Male,South,22.7,95.0,44.0,117.6,0,0,61.75
1263,52.0,Male,West,17.8,134.7,52.0,119.3,0,0,61.75
1264,39.0,Female,West,32.3,171.6,39.0,116.0,0,0,61.75
1265,56.0,Male,West,33.0,117.8,56.0,124.7,0,0,61.75
1266,64.0,Male,South,32.4,95.7,64.0,60.0,0,0,64.0
1267,50.0,Female,West,24.6,139.3,50.0,65.5,0,0,61.75
1268,54.0,Female,South,26.1,111.6,54.0,84.6,0,0,61.75
1269,49.0,Male,East,30.9,146.1,49.0,99.8,0,0,61.75
1270,48.0,Female,East,27.1,119.2,48.0,112.7,0,0,61.75
1271,36.0,Female,North,25.0,113.3,36.0,111.1,0,0,61.75
1272,53.0,Female,South,18.6,121.0,53.0,130.9,0,0,61.75
1273,46.0,Female,South,27.6,136.9,46.0,131.7,0,0,61.75
1274,81.0,Male,South,32.6,120.1,81.0,81.2,0,0,81.0
1275,73.0,Female,South,20.8,115.6,73.0,109.0,0,0,73.0
1276,54.0,Male,East,30.3,120.6,54.0,81.8,0,0,61.75
1277,36.0,Female,North,28.7,102.4,36.0,98.3,0,0,61.75
1278,30.0,Female,North,30.9,130.7,30.0,111.0,0,0,61.75
1279,67.0,Male,West,31.5,93.6,67.0,60.0,0,0,67.0
1280,52.0,Male,South,23.4,116.4,52.0,163.3,0,0,61.75
1281,56.0,Female,East,18.6,136.9,56.0,117.2,1,0,61.75
1282,20.0,Female,East,24.2,129.2,20.0,88.1,0,0,61.75
1283,63.0,Male,East,31.6,134.0,63.0,151.2,0,0,63.0
1284,55.0,Female,South,24.2,122.9,55.0,94.3,0,0,61.75
1285,30.0,Female,South,23.4,143.9,30.0,106.3,0,0,61.75
1286,40.0,Female,West,17.5,139.7,40.0,90.8,0,0,61.75
1287,52.0,Male,West,36.1,131.6,52.0,144.3,1,0,61.75
1288,49.0,Male,South,31.3,139.8,49.0,100.4,0,0,61.75
1289,43.0,Female,East,31.0,136.8,43.0,106.7,0,0,61.75
1290,46.0,Male,West,32.0,116.5,46.0,133.1,0,0,61.75
1291,44.0,Female,North,30.0,101.2,44.0,117.6,0,0,61.75
1292,50.0,Male,West,25.7,131.1,50.0,101.6,0,0,61.75
1293,72.0,Female,South,26.1,133.3,72.0,130.8,0,0,72.0
1294,18.0,Male,West,24.8,142.5,18.0,166.5,0,0,61.75
1295,44.0,Male,East,40.7,108.1,44.0,110.9,0,0,61.75
1296,51.0,Female,West,29.9,108.6,51.0,105.9,0,0,61.75
1297,53.0,Female,North,24.6,131.8,53.0,107.3,0,0,61.75
1298,42.0,Female,North,29.4,122.8,42.0,135.8,0,0,61.75
1299,20.0,Female,South,21.7,91.9,20.0,88.0,0,0,61.75
1300,53.0,Female,East,34.8,130.4,53.0,96.0,0,0,61.75
1301,76.0,Female,East,23.6,92.5,76.0,64.6,0,0,76.0
1302,23.0,Male,North,29.6,107.9,23.0,73.4,0,0,61.75
1303,62.0,Female,North,32.5,147.0,62.0,90.1,1,0,62.0
1304,43.0,Female,West,29.0,155.0,43.0,91.30906267560604,0,0,61.75
1305,47.0,Male,South,27.5,103.3,47.0,147.2,0,0,61.75
1306,31.0,Male,East,27.1,118.4,31.0,116.4,0,0,61.75
1307,43.0,Female,South,26.7,124.7,43.0,80.2,0,0,61.75
1308,69.0,Male,South,24.0,154.3,69.0,84.8,0,0,69.0
1309,57.0,Female,South,24.7,115.6,57.0,137.4,0,0,61.75
1310,76.0,Female,West,34.7,115.9,76.0,131.2,0,0,76.0
1311,67.0,Female,West,26.4,150.3,67.0,103.7,0,0,67.0
1312,55.0,Male,North,22.9,117.6,55.0,91.9,0,0,61.75
1313,76.0,Male,South,24.3,136.3,76.0,131.1,0,0,76.0
1314,55.0,Male,East,32.7,98.9,55.0,78.2,0,0,61.75
1315,61.0,Male,South,30.5,121.1,61.0,112.8,0,0,61.75
1316,43.0,Female,East,29.9,95.8,43.0,159.8,0,0,61.75
1317,49.0,Female,South,25.7,106.1,49.0,108.1,0,0,61.75
1318,37.0,Male,South,30.0,138.3,37.0,83.6,0,0,61.75
1319,64.0,Male,South,23.7,123.2,64.0,113.3,0,0,64.0
1320,29.0,Female,East,25.7,118.6,29.0,91.2,0,0,61.75
1321,61.0,Male,North,32.0,111.3,61.0,68.1,0,0,61.75
1322,45.0,Female,West,31.5,120.2,45.0,120.5,0,0,61.75
1323,67.0,Male,North,21.9,129.1,67.0,130.9,0,0,67.0
1324,60.0,Female,North,22.6,140.7,60.0,95.2,0,0,61.75
1325,77.0,Male,East,27.6,85.0,77.0,93.6,0,0,77.0
1326,60.0,Female,East,36.0,109.9,60.0,79.0,0,0,61.75
1327,23.0,Male,South,17.0,126.7,23.0,99.3,0,0,61.75
1328,47.0,Female,South,28.4,122.3,47.0,88.9,0,0,61.75
1329,29.0,Male,North,19.8,130.9,29.0,77.7,0,0,61.75
1330,40.0,Male,East,23.7,128.5,40.0,150.3,0,0,61.75
1331,72.0,Female,South,27.1,118.8,72.0,114.7,0,0,72.0
1332,58.0,Male,North,24.8,115.0,58.0,117.3,1,0,61.75
1333,37.0,Male,South,24.2,119.8,37.0,125.1,0,0,61.75
1334,32.0,Male,West,27.0,143.5,32.0,122.3,0,0,61.75
1335,49.0,Male,South,24.2,111.6,49.0,92.7,0,0,61.75
1336,29.0,Male,West,19.4,122.9,29.0,109.8,0,0,61.75
1337,37.0,Female,South,31.1,127.1,37.0,96.3,0,0,61.75
1338,53.0,Male,North,30.9,150.5,53.0,114.0,0,0,61.75
1339,66.0,Female,South,31.4,118.9,66.0,111.5,0,0,66.0
1340,58.0,Female,South,19.0,140.3,58.0,93.4,0,0,61.75
1341,18.0,Male,North,28.6,144.9,18.0,69.8,0,0,61.75
1342,53.0,Female,East,30.5,122.9,53.0,106.7,0,0,61.75
1343,49.0,Female,South,21.6,120.4,49.0,97.9,0,0,61.75
1344,55.0,Female,East,27.0,118.4,55.0,60.0,0,0,61.75
1345,74.0,Male,South,26.4,119.7,74.0,115.7,0,0,74.0
1346,18.0,Male,South,36.6,138.5,18.0,127.1,0,0,61.75
1347,39.0,Male,South,37.0,127.9,39.0,166.2,1,0,61.75
1348,57.0,Female,North,18.3,128.0,57.0,93.2,0,0,61.75
1349,23.0,Female,East,40.0,104.9,23.0,89.5,0,0,61.75
1350,72.0,Female,North,22.2,107.6,72.0,75.3,0,0,72.0
1351,54.0,Male,East,32.1,160.4,54.0,108.2,0,0,61.75
1352,62.0,Female,West,32.0,121.0,62.0,108.1,0,0,62.0
1353,39.0,Male,West,21.8,110.8,39.0,82.7,0,0,61.75
1354,61.0,Female,South,29.6,148.3,61.0,98.6,0,0,61.75
1355,65.0,Male,South,26.4,128.8,65.0,60.0,0,0,65.0
1356,52.0,Female,West,29.9,133.8,52.0,126.2,0,0,61.75
1357,52.0,Female,South,28.2,121.7,52.0,83.7,0,0,61.75
1358,52.0,Male,South,33.2,118.6,52.0,102.1,0,0,61.75
1359,34.0,Male,West,27.4,121.1,34.0,67.3,0,0,61.75
1360,46.0,Female,West,26.1,100.5,46.0,88.4,0,0,61.75
1361,46.0,Male,West,32.7,122.5,46.0,96.0,0,0,61.75
1362,54.0,Female,North,30.0,129.0,54.0,102.7,0,0,61.75
1363,64.0,Female,South,27.1,155.5,64.0,115.0,1,0,64.0
1364,31.0,Female,North,23.5,125.5,31.0,139.0,0,0,61.75
1365,46.0,Male,East,21.6,85.0,46.0,121.3,0,0,61.75
1366,72.0,Male,West,24.0,122.4,72.0,127.1,0,0,72.0
1367,36.0,Male,East,23.8,170.6,36.0,139.2,1,0,61.75
1368,35.0,Female,South,31.1,138.7,35.0,100.33827701760895,0,0,61.75
1369,51.0,Male,South,32.1,110.2,51.0,102.1,0,0,61.75
1370,62.0,Male,South,26.2,134.0,62.0,128.2,0,0,62.0
1371,48.0,Male,South,34.4,111.4,48.0,129.8,0,0,61.75
1372,69.0,Female,South,34.1,101.0,69.0,119.2,1,0,69.0
1373,62.0,Male,East,28.3,118.1,62.0,66.6,0,0,62.0
1374,61.0,Female,South,22.7,125.6,61.0,82.0,0,0,61.75
1375,57.0,Female,East,35.2,92.2,57.0,96.1,0,0,61.75
1376,85.0,Female,South,26.7,104.5,85.0,122.5,0,0,85.0
1377,45.0,Female,South,27.7,124.2,45.0,102.5,0,0,61.75
1378,18.0,Female,North,25.2,117.1,18.0,131.4,0,0,61.75
1379,74.0,Female,East,22.4,130.7,74.0,135.9,0,0,74.0
1380,41.0,Male,West,19.4,103.4,41.0,133.0,0,0,61.75
1381,50.0,Female,West,30.3,136.1,50.0,133.1,1,0,61.75
1382,69.0,Female,South,22.9,103.9,69.0,77.1,0,0,69.0
1383,22.0,Female,South,42.9,151.9,22.0,115.1,0,0,61.75
1384,28.0,Female,East,21.4,94.8,28.0,87.8,0,0,61.75
1385,22.0,Female,East,20.5,105.4,22.0,61.8,0,0,61.75
1386,35.0,Female,North,29.7,131.1,35.0,95.8,0,0,61.75
1387,55.0,Male,East,35.0,152.3,55.0,136.1,0,0,61.75
1388,56.0,Male,North,27.3,129.4,56.0,114.5,0,0,61.75
1389,52.0,Male,North,30.0,133.6,52.0,153.4,1,0,61.75
1390,25.0,Male,East,17.4,124.3,25.0,107.4,0,0,61.75
1391,18.0,Male,South,23.5,106.6,18.0,164.2,0,0,61.75
1392,49.0,Male,South,21.4,115.7,49.0,107.4,0,0,61.75
1393,40.0,Male,East,17.1,103.4,40.0,103.6,0,0,61.75
1394,55.0,Female,East,27.6,102.3,55.0,71.0,0,0,61.75
1395,59.0,Male,South,15.3,130.8,59.0,130.8,0,0,61.75
1396,50.0,Female,North,20.1,104.9,50.0,90.4,0,0,61.75
1397,60.0,Female,West,24.2,129.4,60.0,86.8,0,0,61.75
1398,52.0,Male,West,22.7,101.9,52.0,135.0,0,0,61.75
1399,56.0,Male,West,29.1,129.0,56.0,132.0,0,0,61.75
1400,37.0,Male,South,28.6,115.7,37.0,131.3,0,0,61.75
1401,45.0,Female,South,31.6,147.9,45.0,93.9,0,0,61.75
1402,51.0,Male,West,30.9,129.5,51.0,101.7,1,0,61.75
1403,61.0,Female,South,32.9,145.0,61.0,101.5,0,0,61.75
1404,42.0,Female,North,27.0,111.2,42.0,122.6,0,0,61.75
1405,56.0,Female,South,28.6,125.0,56.0,141.8,0,0,61.75
1406,44.0,Male,South,29.7,107.3,44.0,112.2,0,0,61.75
1407,46.0,Male,West,27.7,117.0,46.0,152.4,0,0,61.75
1408,61.0,Male,South,24.9,119.5,61.0,125.4,0,0,61.75
1409,18.0,Male,West,25.3,111.7,18.0,97.1,0,0,61.75
1410,27.0,Male,East,22.7,103.3,27.0,123.7,0,0,61.75
1411,24.0,Female,South,29.2,100.0,24.0,145.6,0,0,61.75
1412,18.0,Female,South,26.5,85.0,18.0,153.0,0,0,61.75
1413,37.0,Female,West,23.6,106.0,37.0,132.7,0,0,61.75
1414,60.0,Female,North,23.6,134.7,60.0,103.6,0,0,61.75
1415,43.0,Male,South,20.7,96.8,43.0,97.6,0,0,61.75
1416,42.0,Female,South,32.1,100.7,42.0,117.4,0,1,61.75
1417,65.0,Female,East,27.4,154.4,65.0,144.8,0,0,65.0
1418,69.0,Female,South,27.1,113.2,69.0,113.8,0,0,69.0
1419,47.0,Female,South,31.2,129.5,47.0,114.4,1,0,61.75
1420,70.0,Male,South,24.1,134.9,70.0,104.3,0,0,70.0
1421,49.0,Male,North,19.7,135.3,49.0,94.8,0,0,61.75
1422,35.0,Male,North,32.3,98.1,35.0,98.9,0,0,61.75
1423,38.0,Male,East,24.2,120.1,38.0,109.69547998084273,0,0,61.75
1424,24.0,Female,South,27.1,96.5,24.0,146.0,0,0,61.75
1425,34.0,Male,South,27.1,165.6,34.0,119.63296062883157,0,0,61.75
1426,42.0,Female,East,32.9,96.9,42.0,104.3,0,0,61.75
1427,61.0,Female,South,27.1,106.2,61.0,81.4,0,0,61.75
1428,76.0,Male,South,20.8,106.3,76.0,120.9,0,0,76.0
1429,26.0,Male,North,29.8,98.6,26.0,137.2,1,0,61.75
1430,54.0,Female,South,24.5,147.0,54.0,143.6,0,0,61.75
1431,31.0,Female,East,36.8,165.2,31.0,108.1,1,0,61.75
1432,56.0,Male,East,27.0,115.9,56.0,117.19693022150034,0,0,61.75
1433,46.0,Male,West,15.4,101.6,46.0,99.2,0,0,61.75
1434,19.0,Female,West,28.9,86.0,19.0,116.2,0,0,61.75
1435,63.0,Male,North,37.1,119.9,63.0,110.8,0,0,63.0
1436,38.0,Female,South,27.1,118.6,38.0,104.5,0,0,61.75
1437,39.0,Male,South,36.5,112.9,39.0,106.4,0,0,61.75
1438,31.0,Male,East,21.7,127.8,31.0,114.3,0,0,61.75
1439,38.0,Female,South,31.7,130.7,38.0,95.6,0,0,61.75
1440,55.0,Female,West,23.2,129.5,55.0,96.9,0,0,61.75
1441,45.0,Female,South,28.2,118.6,45.0,145.7,0,0,61.75
1442,53.0,Male,East,20.4,105.3,53.0,170.8,0,0,61.75
1443,54.0,Female,North,23.6,135.3,54.0,72.9,0,0,61.75
1444,69.0,Male,West,23.5,124.2,69.0,71.5,0,0,69.0
1445,43.0,Male,West,31.7,139.1,43.0,117.23708494885891,0,0,61.75
1446,24.0,Male,West,31.2,137.4,24.0,100.4,0,0,61.75
1447,65.0,Male,South,28.4,99.8,65.0,125.4,0,0,65.0
1448,43.0,Female,North,20.0,99.6,43.0,117.8,0,0,61.75
1449,66.0,Male,East,25.4,111.2,66.0,107.3,0,0,66.0
1450,54.0,Female,South,27.1,106.0,54.0,116.2,0,0,61.75
1451,46.0,Male,West,31.5,136.8,46.0,85.7,0,0,61.75
1452,54.0,Female,East,33.1,130.0,54.0,96.9,0,0,61.75
1453,79.0,Male,East,32.5,142.7,79.0,102.5,0,0,79.0
1454,81.0,Female,West,23.1,130.7,81.0,63.4,0,0,81.0
1455,49.0,Male,West,27.1,127.5,49.0,74.0,0,0,61.75
1456,51.0,Male,South,17.8,144.4,51.0,75.0,0,0,61.75
1457,65.0,Female,North,34.4,132.0,65.0,122.1,0,0,65.0
1458,34.0,Female,North,24.9,125.2,34.0,109.1,0,0,61.75
1459,53.0,Female,South,23.1,149.2,53.0,118.3,0,0,61.75
1460,48.0,Male,East,35.5,126.0,48.0,60.0,0,0,61.75
1461,53.0,Female,North,33.6,118.8,53.0,65.9,0,0,61.75
1462,35.0,Female,North,27.1,109.8,35.0,119.6,0,0,61.75
1463,23.0,Female,East,25.5,136.0,23.0,60.0,0,0,61.75
1464,18.0,Male,West,26.3,145.0,18.0,133.6,0,0,61.75
1465,30.0,Male,North,28.2,123.1,30.0,60.0,0,0,61.75
1466,41.0,Female,East,35.3,146.2,41.0,124.1,1,0,61.75
1467,43.0,Female,North,29.2,90.5,43.0,80.8,0,0,61.75
1468,79.0,Male,East,30.8,123.1,79.0,129.2,0,0,79.0
1469,66.0,Male,West,33.1,123.3,66.0,183.2,1,0,66.0
1470,33.0,Female,West,20.9,111.6,33.0,60.0,0,0,61.75
1471,54.0,Female,East,30.9,164.5,54.0,120.4,0,0,61.75
1472,41.0,Female,East,25.5,122.9,41.0,60.0,0,0,61.75
1473,41.0,Male,West,15.0,117.1,41.0,113.7,0,1,61.75
1474,51.0,Male,East,15.9,124.4,51.0,97.8,0,0,61.75
1475,58.0,Female,South,21.7,90.0,58.0,106.2,0,0,61.75
1476,43.0,Male,West,29.8,111.1,43.0,80.2,0,0,61.75
1477,65.0,Male,East,27.6,140.7,65.0,122.5,1,0,65.0
1478,30.0,Female,West,28.0,113.3,30.0,66.8,0,0,61.75
1479,48.0,Female,East,37.1,109.9,48.0,134.0,0,0,61.75
1480,90.0,Female,West,20.4,146.3,90.0,92.8,0,0,90.0
1481,52.0,Male,North,26.9,146.8,52.0,67.9,0,0,61.75
1482,71.0,Male,North,28.6,132.8,71.0,142.9,0,0,71.0
1483,49.0,Female,North,23.2,116.3,49.0,101.3,0,0,61.75
1484,57.0,Male,East,27.1,119.9,57.0,150.7,0,0,61.75
1485,47.0,Male,East,18.7,110.3,47.0,133.5,0,0,61.75
1486,45.0,Male,North,34.3,107.1,45.0,83.0,0,0,61.75
1487,36.0,Female,North,23.5,106.2,36.0,100.9,0,0,61.75
1488,55.0,Female,West,37.6,113.5,55.0,106.0,0,0,61.75
1489,34.0,Female,West,26.8,106.4,34.0,141.2,0,0,61.75
1490,59.0,Female,East,32.3,97.4,59.0,113.9,0,0,61.75
1491,65.0,Male,South,26.7,127.7,65.0,107.4,0,0,65.0
1492,54.0,Male,South,26.8,128.0,54.0,98.0,0,0,61.75
1493,43.0,Male,North,24.0,152.9,43.0,101.7,0,0,61.75
1494,55.0,Male,North,27.6,112.6,55.0,135.6,0,0,61.75
1495,43.0,Male,West,28.7,129.0,43.0,103.1,0,0,61.75
1496,63.0,Male,South,22.9,129.3,63.0,93.1,0,0,63.0
1497,19.0,Male,East,26.3,119.7,19.0,88.9,0,0,61.75
1498,43.0,Female,East,23.8,136.7,43.0,89.2,0,0,61.75
1499,18.0,Female,South,39.0,137.2,18.0,67.9,0,0,61.75
1500,24.0,Male,North,26.5,129.6,24.0,84.2,0,0,61.75
1501,70.0,Male,East,35.0,119.7,70.0,140.5,0,0,70.0
1502,62.0,Female,North,26.0,117.9,62.0,97.8,0,0,62.0
1503,36.0,Female,South,28.3,100.7,36.0,120.6,0,0,61.75
1504,24.0,Male,West,20.1,110.3,24.0,60.0,0,0,61.75
1505,18.0,Male,South,24.7,113.4,18.0,117.2,0,0,61.75
1506,39.0,Female,West,28.1,104.9,39.0,99.0,0,0,61.75
1507,87.0,Male,North,35.2,131.5,87.0,91.0,0,0,87.0
1508,55.0,Male,North,28.2,144.3,55.0,107.5,0,0,61.75
1509,39.0,Male,South,34.2,108.6,39.0,90.6,0,0,61.75
1510,55.0,Male,South,30.3,128.8,55.0,60.0,0,0,61.75
1511,23.0,Male,North,35.5,106.4,23.0,126.1,0,0,61.75
1512,43.0,Male,West,26.7,118.8,43.0,109.1,0,0,61.75
1513,50.0,Female,North,39.4,112.3,50.0,95.2,0,0,61.75
1514,47.0,Male,East,24.5,134.2,47.0,78.8,0,0,61.75
1515,61.0,Male,East,23.0,112.5,61.0,66.3,0,0,61.75
1516,54.0,Male,East,20.7,141.2,54.0,108.6,0,0,61.75
1517,59.0,Male,North,39.1,119.8,59.0,143.3,0,0,61.75
1518,37.0,Male,South,31.3,113.0,37.0,108.1,0,0,61.75
1519,62.0,Male,East,25.3,102.7,62.0,68.4,0,0,62.0
1520,74.0,Male,South,33.5,128.3,74.0,108.6,0,0,74.0
1521,32.0,Female,East,30.6,139.2,32.0,101.7,0,0,61.75
1522,61.0,Female,North,37.2,128.6,61.0,124.6,0,1,61.75
1523,69.0,Female,North,19.0,162.1,69.0,118.2,0,0,69.0
1524,45.0,Male,East,25.6,148.3,45.0,60.0,0,0,61.75
1525,70.0,Female,East,24.6,118.8,70.0,87.83044138782736,0,0,70.0
1526,41.0,Male,North,16.7,118.6,41.0,77.9,0,0,61.75
1527,71.0,Female,West,32.5,132.0,71.0,67.5,0,0,71.0
1528,50.0,Female,North,25.6,109.8,50.0,98.3,0,0,61.75
1529,52.0,Female,West,30.8,143.8,52.0,113.3,1,0,61.75
1530,73.0,Female,East,39.3,130.1,73.0,62.0,1,0,73.0
1531,42.0,Male,West,25.2,128.4,42.0,120.6,0,0,61.75
1532,33.0,Male,West,24.8,135.7,33.0,122.1,0,0,61.75
1533,41.0,Male,South,27.6,153.3,41.0,104.2,0,0,61.75
1534,55.0,Male,West,27.1,126.9,55.0,81.3,0,0,61.75
1535,23.0,Female,North,24.1,122.1,23.0,78.5,0,0,61.75
1536,58.0,Male,South,23.7,149.6,58.0,128.6,0,0,61.75
1537,39.0,Female,North,32.5,140.4,39.0,65.2,0,0,61.75
1538,66.0,Female,South,29.0,118.5,66.0,129.6,0,0,66.0
1539,18.0,Female,West,16.4,124.1,18.0,98.9,0,0,61.75
1540,35.0,Male,South,20.6,127.3,35.0,100.6,0,0,61.75
1541,21.0,Male,North,34.8,130.2,21.0,60.3,0,0,61.75
1542,35.0,Female,South,29.1,100.9,35.0,99.3,0,0,61.75
1543,52.0,Female,West,23.0,97.8,52.0,118.3,0,0,61.75
1544,45.0,Female,East,26.1,108.9,45.0,69.6,0,0,61.75
1545,44.0,Female,East,27.1,107.6,44.0,115.5,0,0,61.75
1546,45.0,Female,South,30.8,113.1,45.0,105.2,0,0,61.75
1547,51.0,Male,South,19.9,134.8,51.0,86.9,0,0,61.75
1548,32.0,Male,East,22.6,121.1,32.0,124.4,0,0,61.75
1549,59.0,Male,East,28.4,127.3,59.0,60.0,0,0,61.75
1550,59.0,Female,West,26.5,103.2,59.0,111.7,0,0,61.75
1551,54.0,Female,East,30.0,116.2,54.0,143.5,0,0,61.75
1552,57.0,Male,West,20.6,134.0,57.0,139.0,0,0,61.75
1553,53.0,Female,West,28.9,134.1,53.0,112.7,0,0,61.75
1554,81.0,Male,North,32.7,111.7,81.0,95.5,0,0,81.0
1555,47.0,Male,South,29.5,126.7,47.0,87.1,0,0,61.75
1556,43.0,Male,South,27.7,161.4,43.0,95.4,0,0,61.75
1557,36.0,Male,North,26.5,123.7,36.0,116.6,0,0,61.75
1558,31.0,Female,North,22.7,112.2,31.0,82.8,0,0,61.75
1559,28.0,Male,West,27.1,121.0,28.0,121.9,0,0,61.75
1560,34.0,Male,South,33.6,125.6,34.0,156.3,0,0,61.75
1561,47.0,Female,North,26.4,121.4,47.0,101.5,0,0,61.75
1562,53.0,Male,South,22.4,123.5,53.0,69.4,0,0,61.75
1563,49.0,Male,South,24.4,99.5,49.0,69.4,0,0,61.75
1564,36.0,Female,North,28.0,107.6,36.0,122.4,0,0,61.75
1565,62.0,Male,North,25.1,121.5,62.0,101.5,0,0,62.0
1566,60.0,Female,West,29.5,121.2,60.0,124.9,0,0,61.75
1567,45.0,Male,West,27.1,114.4,45.0,89.7,0,0,61.75
1568,38.0,Female,South,31.6,121.0,38.0,123.8,0,0,61.75
1569,57.0,Female,East,34.4,125.0,57.0,99.0,0,0,61.75
1570,51.0,Male,West,32.2,139.1,51.0,84.7,0,0,61.75
1571,25.0,Male,West,22.1,122.3,25.0,93.0,0,0,61.75
1572,47.0,Female,North,22.3,130.8,47.0,73.1,0,0,61.75
1573,52.0,Male,West,26.6,114.8,52.0,152.7,0,0,61.75
1574,34.0,Male,North,24.7,133.7,34.0,100.6,0,0,61.75
1575,51.0,Male,North,21.1,130.4,51.0,119.1,0,0,61.75
1576,25.0,Male,South,24.7,138.7,25.0,89.6,0,0,61.75
1577,69.0,Female,East,24.5,136.1,69.0,76.7,0,0,69.0
1578,68.0,Female,North,23.5,134.0,68.0,97.2,0,0,68.0
1579,44.0,Male,South,25.4,122.3,44.0,130.5,0,0,61.75
1580,54.0,Female,South,33.1,128.2,54.0,90.0,0,0,61.75
1581,18.0,Male,South,28.0,142.1,18.0,81.2,1,0,61.75
1582,29.0,Male,South,39.9,112.9,29.0,106.9,0,0,61.75
1583,43.0,Female,South,27.9,113.3,43.0,115.5,0,0,61.75
1584,31.0,Female,North,25.5,127.1,31.0,144.1,0,0,61.75
1585,59.0,Male,North,27.0,131.1,59.0,111.8,0,0,61.75
1586,80.0,Male,North,28.3,110.0,80.0,119.1,0,0,80.0
1587,29.0,Female,North,29.3,122.7,29.0,121.0,0,0,61.75
1588,35.0,Female,East,37.8,122.4,35.0,74.2,0,0,61.75
1589,52.0,Male,South,22.6,86.3,52.0,78.9,0,0,61.75
1590,74.0,Male,South,31.5,120.3,74.0,75.9,0,0,74.0
1591,28.0,Female,West,28.1,121.3,28.0,69.7,0,0,61.75
1592,52.0,Male,East,18.8,121.3,52.0,122.9,0,0,61.75
1593,77.0,Male,North,31.0,148.1,77.0,110.3,0,0,77.0
1594,22.0,Male,South,33.6,103.3,22.0,105.0,0,0,61.75
1595,28.0,Male,South,22.5,110.0,28.0,60.0,0,0,61.75
1596,41.0,Male,West,27.0,85.0,41.0,154.4,0,0,61.75
1597,40.0,Female,South,18.0,115.8,40.0,80.6,0,0,61.75
1598,61.0,Female,North,20.5,117.3,61.0,154.3,1,0,61.75
1599,52.0,Female,East,32.4,115.3,52.0,66.8,0,0,61.75
1600,20.0,Female,South,24.6,142.8,20.0,82.7,0,0,61.75
1601,56.0,Male,North,21.2,138.6,56.0,60.0,0,0,61.75
1602,39.0,Male,East,28.2,125.3,39.0,112.1,0,0,61.75
1603,68.0,Male,North,24.3,117.7,68.0,75.5,0,0,68.0
1604,38.0,Male,West,24.6,141.4,38.0,76.2,0,0,61.75
1605,38.0,Female,West,30.8,123.7,38.0,68.7,0,0,61.75
1606,57.0,Female,South,21.0,110.1,57.0,122.4,0,0,61.75
1607,60.0,Male,East,22.3,94.8,60.0,120.8,0,0,61.75
1608,55.0,Male,East,27.8,116.5,55.0,148.3,0,0,61.75
1609,21.0,Male,East,32.0,136.8,21.0,85.9,0,0,61.75
1610,57.0,Male,North,33.4,162.7,57.0,108.5,0,0,61.75
1611,31.0,Male,South,23.5,125.0,31.0,70.8,0,0,61.75
1612,52.0,Male,North,31.9,111.0,52.0,94.6,0,0,61.75
1613,25.0,Female,East,22.9,103.9,25.0,90.0,0,0,61.75
1614,55.0,Female,North,36.5,133.4,55.0,114.6,0,0,61.75
1615,35.0,Female,East,21.1,94.0,35.0,128.4,0,0,61.75
1616,27.0,Male,East,33.9,133.4,27.0,127.8,0,0,61.75
1617,59.0,Male,West,23.6,137.9,59.0,81.9,0,0,61.75
1618,52.0,Male,South,37.5,131.4,52.0,128.0,0,0,61.75
1619,38.0,Male,North,30.1,120.3,38.0,101.9,0,0,61.75
1620,71.0,Female,East,21.7,133.6,71.0,94.9,0,0,71.0
1621,41.0,Male,North,24.3,126.9,41.0,85.3,0,0,61.75
1622,49.0,Male,North,31.1,110.8,49.0,89.0,0,0,61.75
1623,52.0,Female,West,32.5,155.5,52.0,146.6,1,0,61.75
1624,38.0,Male,West,26.6,118.0,38.0,110.7,0,0,61.75
1625,56.0,Male,East,27.2,137.2,56.0,107.4,0,0,61.75
1626,39.0,Male,West,30.9,85.0,39.0,96.4,0,0,61.75
1627,41.0,Female,North,27.7,145.7,41.0,164.1,1,0,61.75
1628,70.0,Female,North,20.3,149.0,70.0,135.6,0,0,70.0
1629,31.0,Male,South,22.8,124.5,31.0,85.0,0,0,61.75
1630,18.0,Female,North,28.2,133.5,18.0,96.2,0,0,61.75
1631,74.0,Female,West,33.3,133.5,74.0,97.6,0,0,74.0
1632,89.0,Female,North,35.4,113.1,89.0,106.6,0,0,89.0
1633,42.0,Male,East,31.1,133.3,42.0,85.5,0,0,61.75
1634,18.0,Male,West,28.5,110.3,18.0,114.0,0,0,61.75
1635,43.0,Female,East,30.9,113.7,43.0,139.3,0,0,61.75
1636,43.0,Male,North,23.5,143.2,43.0,70.2,0,0,61.75
1637,45.0,Female,South,26.2,140.6,45.0,74.8,0,0,61.75
1638,30.0,Female,East,22.7,112.0,30.0,90.9,0,0,61.75
1639,57.0,Male,West,20.5,111.5,57.0,92.1,0,0,61.75
1640,56.0,Female,South,28.7,113.0,56.0,153.0,0,0,61.75
1641,24.0,Female,South,28.0,136.5,24.0,128.0,0,0,61.75
1642,59.0,Female,West,30.6,107.0,59.0,42.0,0,0,61.75
1643,81.0,Male,West,29.8,130.1,81.0,96.4,0,0,81.0
1644,51.0,Female,South,28.3,136.7,51.0,95.8,0,0,61.75
1645,43.0,Female,North,29.9,122.5,43.0,66.7,0,0,61.75
1646,46.0,Female,East,26.8,141.2,46.0,122.5,0,0,61.75
1647,58.0,Female,West,29.1,118.8,58.0,115.3,1,0,61.75
1648,20.0,Female,West,23.2,120.4,20.0,135.1,0,0,61.75
1649,51.0,Male,South,28.9,107.4,51.0,97.7,0,0,61.75
1650,42.0,Male,North,27.1,141.3,42.0,99.5,0,0,61.75
1651,78.0,Male,East,23.5,111.0,78.0,107.3,0,0,78.0
1652,45.0,Female,South,27.3,129.9,45.0,125.3,0,0,61.75
1653,75.0,Female,West,23.8,122.8,75.0,66.2,0,0,75.0
1654,30.0,Female,North,24.3,106.1,30.0,121.4,0,0,61.75
1655,57.0,Male,South,21.2,113.6,57.0,102.5,0,0,61.75
1656,53.0,Female,South,33.6,147.5,53.0,76.5,0,0,61.75
1657,34.0,Female,North,32.5,127.4,34.0,60.0,0,0,61.75
1658,51.0,Male,West,29.8,106.8,51.0,99.6,0,0,61.75
1659,67.0,Female,North,37.3,129.2,67.0,139.2,1,0,67.0
1660,43.0,Female,East,26.0,121.5,43.0,107.19005041435568,0,0,61.75
1661,21.0,Female,West,42.8,182.7,21.0,111.9,0,0,61.75
1662,48.0,Male,East,25.8,128.8,48.0,152.1,0,0,61.75
1663,34.0,Female,West,28.3,117.5,34.0,101.9,0,0,61.75
1664,43.0,Female,South,24.9,148.1,43.0,126.8,0,0,61.75
1665,47.0,Female,West,28.9,92.7,47.0,91.7,0,0,61.75
1666,21.0,Female,South,31.3,125.6,21.0,90.1,0,0,61.75
1667,22.0,Female,North,26.4,157.9,22.0,113.33405494588595,0,0,61.75
1668,56.0,Male,South,36.2,122.0,56.0,60.0,0,0,61.75
1669,40.0,Female,South,28.2,94.5,40.0,135.2,0,0,61.75
1670,18.0,Male,East,28.4,117.3,18.0,87.0,0,0,61.75
1671,61.0,Female,South,22.3,148.7,61.0,83.0,0,0,61.75
1672,52.0,Male,South,29.2,130.4,52.0,73.5,0,0,61.75
1673,37.0,Male,South,26.3,109.7,37.0,97.9,0,0,61.75
1674,27.0,Female,South,23.8,112.4,27.0,147.1,0,0,61.75
1675,61.0,Male,East,23.0,114.5,61.0,155.3,1,0,61.75
1676,54.0,Female,South,40.9,130.1,54.0,119.03415870629836,0,0,61.75
1677,86.0,Male,West,25.6,146.7,86.0,94.1,0,0,86.0
1678,55.0,Female,South,19.4,141.9,55.0,77.1,0,0,61.75
1679,54.0,Female,West,23.4,131.8,54.0,127.7,0,0,61.75
1680,45.0,Male,South,26.7,101.4,45.0,110.2,0,0,61.75
1681,43.0,Female,North,29.8,101.4,43.0,87.1,0,1,61.75
1682,58.0,Male,North,29.9,133.1,58.0,104.8,0,0,61.75
1683,68.0,Female,West,30.5,101.1,68.0,91.1,0,0,68.0
1684,40.0,Female,West,23.6,120.2,40.0,143.4,0,0,61.75
1685,41.0,Female,North,28.8,129.2,41.0,116.7,0,0,61.75
1686,40.0,Male,East,22.4,104.7,40.0,119.7,0,0,61.75
1687,61.0,Male,East,23.8,106.6,61.0,60.0,0,0,61.75
1688,62.0,Female,North,22.2,122.4,62.0,101.3,0,1,62.0
1689,41.0,Female,South,20.8,132.6,41.0,155.1,0,0,61.75
1690,41.0,Female,East,32.5,142.0,41.0,136.2,0,0,61.75
1691,53.0,Male,West,30.6,134.3,53.0,60.0,0,0,61.75
1692,44.0,Male,West,32.1,125.3,44.0,95.2,0,0,61.75
1693,63.0,Female,North,27.2,111.3,63.0,73.0,0,0,63.0
1694,18.0,Male,North,31.0,105.8,18.0,145.8,0,0,61.75
1695,35.0,Male,South,17.8,115.3,35.0,109.1,0,0,61.75
1696,35.0,Female,North,31.5,131.0,35.0,83.8,0,0,61.75
1697,18.0,Male,East,27.9,129.7,18.0,103.9,0,0,61.75
1698,33.0,Female,North,30.3,88.3,33.0,60.0,0,0,61.75
1699,33.0,Male,North,29.0,110.6,33.0,75.9,0,0,61.75
1700,45.0,Female,North,21.9,144.5,45.0,103.9,0,0,61.75
1701,66.0,Female,South,19.2,125.3,66.0,124.1,0,0,66.0
1702,44.0,Female,West,23.3,99.9,44.0,60.0,0,0,61.75
1703,32.0,Male,North,29.9,164.0,32.0,93.5,0,0,61.75
1704,47.0,Female,West,30.6,123.5,47.0,128.2,1,0,61.75
1705,65.0,Female,South,19.9,130.5,65.0,104.83327647126825,0,0,65.0
1706,32.0,Male,North,21.9,130.8,32.0,108.7,0,0,61.75
1707,33.0,Male,South,23.2,117.8,33.0,110.05919002003849,0,0,61.75
1708,57.0,Male,East,25.1,111.6,57.0,145.9,0,0,61.75
1709,44.0,Female,North,19.9,160.1,44.0,97.2,0,0,61.75
1710,58.0,Female,North,19.6,141.1,58.0,98.7,0,0,61.75
1711,48.0,Female,West,22.7,138.0,48.0,124.4,0,0,61.75
1712,59.0,Female,East,27.4,133.8,59.0,69.8,0,0,61.75
1713,31.0,Female,South,20.9,106.9,31.0,97.5,0,0,61.75
1714,48.0,Male,West,27.1,145.7,48.0,91.6,0,0,61.75
1715,45.0,Male,West,32.5,109.7,45.0,99.5,0,0,61.75
1716,29.0,Female,South,20.2,128.8,29.0,124.2,0,0,61.75
1717,23.0,Male,East,25.9,96.1,23.0,116.9,0,0,61.75
1718,59.0,Female,North,32.3,89.3,59.0,84.3,0,0,61.75
1719,42.0,Female,South,24.8,129.4,42.0,106.4,0,0,61.75
1720,32.0,Male,East,24.0,110.2,32.0,140.3,0,0,61.75
1721,46.0,Female,North,33.1,90.2,46.0,82.2,0,0,61.75
1722,66.0,Male,West,25.4,133.2,66.0,106.6,0,0,66.0
1723,18.0,Female,West,32.7,160.0,18.0,98.2,0,0,61.75
1724,24.0,Female,South,29.2,147.6,24.0,101.4,0,0,61.75
1725,33.0,Female,South,25.2,119.6,33.0,62.2,0,0,61.75
1726,71.0,Male,North,29.5,124.2,71.0,138.3,0,0,71.0
1727,53.0,Male,East,28.7,139.1,53.0,83.6,0,0,61.75
1728,60.0,Male,North,32.3,143.1,60.0,128.7,0,0,61.75
1729,30.0,Male,South,24.1,118.2,30.0,87.5,0,0,61.75
1730,30.0,Male,East,27.2,124.6,30.0,87.4,0,0,61.75
1731,55.0,Male,East,26.7,129.1,55.0,133.3,0,0,61.75
1732,49.0,Female,East,30.7,133.4,49.0,127.8,0,0,61.75
1733,57.0,Male,North,21.7,121.7,57.0,108.2,0,0,61.75
1734,45.0,Male,West,32.3,122.0,45.0,122.0,1,0,61.75
1735,52.0,Female,East,29.4,147.5,52.0,95.8,0,0,61.75
1736,51.0,Female,West,20.2,144.6,51.0,102.8,0,0,61.75
1737,60.0,Female,South,33.3,132.1,60.0,86.5,0,0,61.75
1738,61.0,Female,West,38.6,153.2,61.0,125.6,0,0,61.75
1739,22.0,Female,South,32.2,117.4,22.0,85.7,0,0,61.75
1740,18.0,Female,West,34.4,151.6,18.0,140.1,0,0,61.75
1741,64.0,Female,North,27.4,133.2,64.0,95.1,0,0,64.0
1742,67.0,Female,North,18.4,179.6,67.0,103.5,0,0,67.0
1743,32.0,Male,East,17.4,103.7,32.0,122.0,0,0,61.75
1744,18.0,Male,East,28.3,112.3,18.0,103.6,0,0,61.75
1745,50.0,Male,East,23.9,131.1,50.0,95.6,0,0,61.75
1746,63.0,Male,South,22.2,130.8,63.0,102.2,0,0,63.0
1747,77.0,Female,West,27.1,157.2,77.0,125.3,1,0,77.0
1748,56.0,Male,South,30.2,112.6,56.0,86.4,0,0,61.75
1749,42.0,Male,East,19.4,139.4,42.0,99.8,0,0,61.75
1750,34.0,Male,West,27.1,143.8,34.0,103.3,1,0,61.75
1751,48.0,Female,East,34.9,136.0,48.0,124.6,0,0,61.75
1752,43.0,Male,East,21.4,107.7,43.0,100.5,0,0,61.75
1753,32.0,Female,West,31.5,147.9,32.0,148.2,0,0,61.75
1754,81.0,Female,West,24.5,144.9,81.0,99.1,0,0,81.0
1755,77.0,Male,South,29.8,134.2,77.0,97.1,0,0,77.0
1756,66.0,Female,South,32.7,127.5,66.0,98.7,0,0,66.0
1757,33.0,Male,North,30.9,127.8,33.0,70.1,0,0,61.75
1758,21.0,Male,East,31.7,122.7,21.0,77.1,0,1,61.75
1759,58.0,Female,West,21.0,134.9,58.0,89.7,0,0,61.75
1760,55.0,Female,South,32.8,124.5,55.0,131.4,0,0,61.75
1761,68.0,Male,South,22.6,109.6,68.0,102.2,0,0,68.0
1762,58.0,Female,North,28.3,106.2,58.0,90.9,0,0,61.75
1763,60.0,Male,South,27.1,111.2,60.0,106.51745557544544,0,0,61.75
1764,58.0,Female,North,27.1,127.8,58.0,141.8,0,0,61.75
1765,53.0,Female,West,28.8,123.5,53.0,134.4,0,0,61.75
1766,19.0,Female,East,22.6,127.7,19.0,81.7,0,0,61.75
1767,49.0,Female,North,20.0,132.5,49.0,90.6,0,0,61.75
1768,39.0,Male,North,31.5,113.3,39.0,148.3,0,0,61.75
1769,28.0,Female,West,28.0,148.9,28.0,109.0,0,0,61.75
1770,75.0,Female,West,33.0,119.4,75.0,96.3,0,0,75.0
1771,76.0,Female,West,26.8,116.6,76.0,121.0,0,0,76.0
1772,70.0,Male,North,19.7,132.2,70.0,128.2,0,0,70.0
1773,52.0,Male,North,32.0,92.8,52.0,88.7,0,0,61.75
1774,70.0,Male,North,25.1,110.6,70.0,108.5,0,0,70.0
1775,35.0,Male,West,28.8,140.7,35.0,126.2,0,1,61.75
1776,51.0,Male,West,23.6,94.5,51.0,99.36463387018256,0,0,61.75
1777,31.0,Male,West,35.6,143.0,31.0,103.3,0,0,61.75
1778,54.0,Female,North,22.4,149.7,54.0,75.1,1,0,61.75
1779,49.0,Male,North,25.2,117.7,49.0,78.4,0,0,61.75
1780,27.0,Female,West,27.6,129.0,27.0,88.9,0,0,61.75
1781,47.0,Female,West,21.3,143.0,47.0,114.9,0,0,61.75
1782,47.0,Female,East,28.7,116.1,47.0,94.9,0,0,61.75
1783,77.0,Male,North,35.4,138.8,77.0,86.8,0,0,77.0
1784,62.0,Female,North,24.4,112.6,62.0,104.3,0,0,62.0
1785,48.0,Female,North,29.1,115.9,48.0,74.3,0,0,61.75
1786,52.0,Female,East,15.0,110.4,52.0,113.7,0,0,61.75
1787,49.0,Female,West,26.8,129.8,49.0,131.3,0,0,61.75
1788,45.0,Female,East,25.4,143.7,45.0,101.0,0,0,61.75
1789,31.0,Female,South,22.7,120.9,31.0,97.9,0,0,61.75
1790,46.0,Male,West,32.6,102.4,46.0,112.3,0,0,61.75
1791,24.0,Male,North,25.3,105.6,24.0,60.0,0,1,61.75
1792,28.0,Female,West,26.1,130.7,28.0,116.4,0,0,61.75
1793,56.0,Male,West,25.0,155.3,56.0,180.5,0,0,61.75
1794,54.0,Female,East,17.0,130.7,54.0,99.9,0,0,61.75
1795,19.0,Female,West,21.1,117.4,19.0,100.0,0,0,61.75
1796,46.0,Male,East,32.0,137.0,46.0,121.6,0,0,61.75
1797,64.0,Female,South,16.0,119.9,64.0,144.1,0,0,64.0
1798,65.0,Male,South,23.0,117.6,65.0,127.4,0,0,65.0
1799,64.0,Male,West,24.9,107.7,64.0,60.0,0,0,64.0
1800,49.0,Male,East,36.1,147.9,49.0,117.1,0,0,61.75
1801,34.0,Male,North,31.0,85.0,34.0,167.3,0,0,61.75
1802,31.0,Male,West,24.1,137.6,31.0,118.6,0,0,61.75
1803,54.0,Male,North,33.8,116.1,54.0,74.1,0,0,61.75
1804,54.0,Female,East,23.1,117.0,54.0,110.0,0,0,61.75
1805,69.0,Female,North,32.2,152.8,69.0,71.0,0,0,69.0
1806,66.0,Male,East,19.9,111.9,66.0,133.8,0,0,66.0
1807,74.0,Female,South,32.6,112.4,74.0,79.1,0,1,74.0
1808,28.0,Male,South,24.9,121.8,28.0,104.9,0,0,61.75
1809,43.0,Female,East,21.7,131.0,43.0,81.6,0,0,61.75
1810,51.0,Male,West,25.9,116.5,51.0,89.3,0,0,61.75
1811,45.0,Female,South,28.4,97.2,45.0,140.2,0,0,61.75
1812,39.0,Male,West,24.4,109.3,39.0,105.6,0,0,61.75
1813,52.0,Female,South,29.9,145.8,52.0,89.0,0,0,61.75
1814,40.0,Male,North,24.0,125.3,40.0,74.4,0,0,61.75
1815,38.0,Female,North,30.2,131.7,38.0,60.0,0,0,61.75
1816,53.0,Male,North,29.3,119.6,53.0,71.7,0,0,61.75
1817,42.0,Female,East,26.7,112.8,42.0,105.8,0,0,61.75
1818,52.0,Female,East,24.7,152.5,52.0,127.5,0,0,61.75
1819,52.0,Female,South,27.8,120.8,52.0,89.0,0,0,61.75
1820,30.0,Female,South,29.9,116.5,30.0,142.3,0,0,61.75
1821,40.0,Female,West,37.7,142.6,40.0,85.1,0,0,61.75
1822,71.0,Male,East,31.9,111.7,71.0,97.0,0,0,71.0
1823,29.0,Male,North,32.1,113.9,29.0,76.0,0,0,61.75
1824,18.0,Male,North,27.1,124.2,18.0,127.8,0,0,61.75
1825,18.0,Male,South,29.7,124.0,18.0,155.4,0,0,61.75
1826,48.0,Female,South,29.5,128.4,48.0,60.0,0,0,61.75
1827,48.0,Female,West,30.7,159.6,48.0,94.3,0,0,61.75
1828,46.0,Female,East,21.8,129.7,46.0,134.6,0,0,61.75
1829,67.0,Female,West,24.7,85.0,67.0,66.8,0,0,67.0
1830,51.0,Female,East,24.4,129.5,51.0,117.2,0,1,61.75
1831,54.0,Female,South,30.4,124.6,54.0,133.5,1,0,61.75
1832,73.0,Female,East,26.1,124.7,73.0,105.0,0,0,73.0
1833,30.0,Male,East,27.7,128.2,30.0,116.8,0,0,61.75
1834,42.0,Female,East,32.7,123.5,42.0,147.0,0,0,61.75
1835,36.0,Female,North,31.5,123.1,36.0,151.7,0,0,61.75
1836,34.0,Male,East,26.2,134.4,34.0,101.5,0,0,61.75
1837,43.0,Male,South,23.5,114.8,43.0,89.7,0,0,61.75
1838,71.0,Female,West,32.9,107.9,71.0,80.0,0,0,71.0
1839,77.0,Female,West,31.0,175.4,77.0,127.4,1,0,77.0
1840,43.0,Female,East,18.6,111.8,43.0,68.7,0,0,61.75
1841,78.0,Female,West,25.4,125.7,78.0,96.7,0,0,78.0
1842,49.0,Male,East,27.9,98.6,49.0,105.6,0,0,61.75
1843,76.0,Male,North,31.0,126.0,76.0,90.4,1,0,76.0
1844,47.0,Female,East,31.7,108.1,47.0,110.0,0,0,61.75
1845,50.0,Female,West,28.5,116.5,50.0,167.1,0,0,61.75
1846,54.0,Female,North,30.0,141.8,54.0,100.0,1,0,61.75
1847,90.0,Female,North,27.3,132.0,90.0,92.1,0,0,90.0
1848,62.0,Male,South,23.5,133.7,62.0,128.4,0,0,62.0
1849,37.0,Female,West,25.6,93.9,37.0,109.0,0,0,61.75
1850,64.0,Male,East,27.1,155.2,64.0,139.0,1,0,64.0
1851,42.0,Male,West,26.8,103.7,42.0,107.1,0,0,61.75
1852,40.0,Male,West,17.2,150.0,40.0,96.8,0,0,61.75
1853,63.0,Male,East,24.9,141.4,63.0,60.0,0,0,63.0
1854,48.0,Female,East,27.3,133.8,48.0,62.5,0,0,61.75
1855,52.0,Male,South,25.5,109.5,52.0,60.0,0,0,61.75
1856,48.0,Male,North,25.7,126.6,48.0,112.5,0,0,61.75
1857,53.0,Female,South,29.5,116.0,53.0,68.9,0,0,61.75
1858,55.0,Female,East,21.4,124.5,55.0,134.4,1,0,61.75
1859,18.0,Male,North,18.5,119.8,18.0,103.8,0,0,61.75
1860,59.0,Male,North,25.2,89.3,59.0,96.9,0,0,61.75
1861,32.0,Male,North,31.0,143.1,32.0,81.9,0,0,61.75
1862,25.0,Female,East,35.8,122.6,25.0,118.6,0,0,61.75
1863,47.0,Male,West,27.1,115.8,47.0,82.9,0,0,61.75
1864,49.0,Male,West,19.4,114.5,49.0,78.4,0,0,61.75
1865,37.0,Male,South,25.8,130.1,37.0,132.7,0,0,61.75
1866,61.0,Female,East,28.3,108.8,61.0,111.9,0,0,61.75
1867,27.0,Male,West,27.9,85.7,27.0,97.1,0,0,61.75
1868,41.0,Female,East,29.8,130.9,41.0,119.6053603574156,0,0,61.75
1869,39.0,Male,South,22.2,132.8,39.0,108.97538056660375,0,0,61.75
1870,47.0,Female,South,27.3,120.6,47.0,112.6,0,0,61.75
1871,52.0,Male,East,29.2,104.5,52.0,82.6,0,0,61.75
1872,32.0,Male,South,31.3,125.5,32.0,154.8,0,0,61.75
1873,60.0,Male,West,22.8,99.1,60.0,88.5,0,0,61.75
1874,49.0,Female,West,25.2,106.5,49.0,141.9,0,0,61.75
1875,18.0,Female,North,15.0,111.2,18.0,98.3,0,0,61.75
1876,18.0,Male,East,23.8,65.0,18.0,123.2,0,0,61.75
1877,48.0,Male,South,24.3,117.8,48.0,121.4,0,0,61.75
1878,44.0,Female,East,21.7,116.4,44.0,131.7,0,0,61.75
1879,46.0,Female,South,27.9,157.2,46.0,82.0,0,0,61.75
1880,48.0,Male,South,26.7,130.0,48.0,129.9,0,0,61.75
1881,52.0,Male,South,15.3,129.8,52.0,149.2,0,0,61.75
1882,63.0,Female,North,28.1,117.7,63.0,96.5,0,0,63.0
1883,30.0,Female,West,22.2,113.9,30.0,103.9,0,0,61.75
1884,29.0,Female,North,29.5,86.8,29.0,89.9,0,0,61.75
1885,31.0,Female,South,20.3,140.5,31.0,94.3,0,0,61.75
1886,53.0,Female,North,27.2,131.6,53.0,145.8,0,0,61.75
1887,68.0,Male,North,25.5,121.0,68.0,77.9,1,0,68.0
1888,41.0,Male,South,28.6,121.7,41.0,79.4,0,0,61.75
1889,18.0,Male,West,27.6,136.5,18.0,143.3,0,0,61.75
1890,21.0,Male,West,25.7,97.6,21.0,118.6,0,0,61.75
1891,35.0,Male,South,19.0,114.0,35.0,156.0,0,0,61.75
1892,39.0,Male,East,19.3,104.7,39.0,91.7,0,0,61.75
1893,41.0,Female,West,24.0,154.1,41.0,106.2,0,0,61.75
1894,49.0,Male,North,27.0,138.9,49.0,86.5,0,0,61.75
1895,43.0,Male,West,23.8,86.6,43.0,106.6,0,0,61.75
1896,65.0,Female,North,30.3,98.3,65.0,60.0,0,0,65.0
1897,37.0,Female,North,25.5,121.8,37.0,120.1,0,0,61.75
1898,34.0,Female,South,22.0,116.0,34.0,111.1,0,0,61.75
1899,56.0,Female,North,25.6,101.5,56.0,101.6,0,0,61.75
1900,23.0,Female,West,28.2,157.1,23.0,93.2,0,0,61.75
1901,54.0,Male,West,28.7,129.3,54.0,80.6,0,0,61.75
1902,50.0,Male,South,36.8,132.1,50.0,121.2,1,0,61.75
1903,46.0,Female,West,23.5,112.2,46.0,73.7,0,0,61.75
1904,73.0,Male,West,26.6,136.3,73.0,115.8,0,0,73.0
1905,38.0,Male,West,29.2,117.5,38.0,154.9,0,0,61.75
1906,81.0,Male,West,26.9,119.2,81.0,140.1,0,0,81.0
1907,44.0,Male,East,24.4,134.4,44.0,65.4,0,0,61.75
1908,28.0,Male,North,18.9,96.3,28.0,89.6,0,0,61.75
1909,49.0,Male,West,24.3,151.1,49.0,113.5,0,0,61.75
1910,31.0,Female,East,21.4,127.1,31.0,101.2,0,0,61.75
1911,36.0,Female,West,18.0,145.8,36.0,68.0,0,0,61.75
1912,54.0,Male,West,22.9,105.7,54.0,112.6,0,0,61.75
1913,57.0,Female,North,21.6,108.3,57.0,102.7,0,0,61.75
1914,38.0,Male,South,30.0,104.2,38.0,150.9,0,0,61.75
1915,64.0,Female,North,30.1,128.3,64.0,96.7,0,0,64.0
1916,67.0,Female,North,22.3,125.1,67.0,132.2,0,0,67.0
1917,71.0,Male,West,25.6,116.1,71.0,71.3,0,0,71.0
1918,56.0,Female,West,17.3,106.8,56.0,77.3,0,0,61.75
1919,70.0,Female,West,24.4,102.5,70.0,121.0,0,0,70.0
1920,18.0,Female,West,29.1,123.2,18.0,98.32936361849964,0,0,61.75
1921,43.0,Female,East,31.3,116.1,43.0,79.1,0,0,61.75
1922,34.0,Female,East,23.3,112.3,34.0,103.6,0,0,61.75
1923,50.0,Male,West,32.5,150.3,50.0,68.5,0,0,61.75
1924,39.0,Female,East,19.1,122.6,39.0,98.5,0,0,61.75
1925,45.0,Female,East,20.5,145.6,45.0,123.9,0,0,61.75
1926,78.0,Male,North,30.7,114.9,78.0,92.1,0,0,78.0
1927,45.0,Male,East,35.7,128.2,45.0,96.8,1,0,61.75
1928,55.0,Female,West,29.6,123.1,55.0,74.8,0,0,61.75
1929,44.0,Male,East,26.8,95.1,44.0,86.8,0,0,61.75
1930,49.0,Female,South,15.6,148.3,49.0,147.0,0,0,61.75
1931,48.0,Male,North,16.5,121.7,48.0,104.8,0,0,61.75
1932,55.0,Female,North,27.7,136.7,55.0,77.9,0,0,61.75
1933,67.0,Female,East,25.1,111.2,67.0,95.1,0,0,67.0
1934,74.0,Male,East,21.2,121.2,74.0,63.1,0,0,74.0
1935,53.0,Female,West,27.3,109.3,53.0,77.6,0,0,61.75
1936,57.0,Male,West,27.6,145.0,57.0,137.0,0,0,61.75
1937,30.0,Female,South,31.9,129.3,30.0,99.4,0,0,61.75
1938,47.0,Female,West,27.7,130.2,47.0,150.3,0,0,61.75
1939,63.0,Male,East,33.4,147.1,63.0,104.06886812373608,1,0,63.0
1940,62.0,Male,South,27.0,143.7,62.0,102.1,0,0,62.0
1941,51.0,Male,West,26.4,137.0,51.0,119.0,0,0,61.75
1942,62.0,Male,North,32.5,99.8,62.0,60.0,0,0,62.0
1943,56.0,Female,East,21.9,112.2,56.0,108.1,0,0,61.75
1944,67.0,Female,West,41.6,106.9,67.0,101.8,1,0,67.0
1945,53.0,Male,East,29.0,136.4,53.0,140.2,0,0,61.75
1946,42.0,Female,West,29.0,126.9,42.0,127.1,0,0,61.75
1947,53.0,Male,South,29.7,100.4,53.0,74.7,0,0,61.75
1948,18.0,Female,East,36.8,120.8,18.0,134.1,0,0,61.75
1949,54.0,Male,West,31.1,98.6,54.0,96.4,0,0,61.75
1950,18.0,Female,East,18.7,123.1,18.0,80.4,0,0,61.75
1951,20.0,Female,West,34.3,95.9,20.0,107.9,0,0,61.75
1952,55.0,Male,South,25.2,133.0,55.0,97.9,1,0,61.75
1953,53.0,Female,East,27.6,130.4,53.0,141.5,1,1,61.75
1954,29.0,Female,South,20.3,156.4,29.0,116.80276749211198,0,0,61.75
1955,37.0,Male,West,29.7,138.4,37.0,108.1,0,0,61.75
1956,70.0,Male,North,23.6,116.8,70.0,125.5,0,0,70.0
1957,40.0,Female,South,27.5,137.9,40.0,130.3,1,0,61.75
1958,84.0,Male,North,25.5,100.2,84.0,122.6,0,0,84.0
1959,48.0,Male,East,37.0,107.6,48.0,138.5,0,0,61.75
1960,55.0,Male,North,37.3,129.7,55.0,118.2,0,0,61.75
1961,74.0,Female,South,27.2,87.3,74.0,107.2,0,0,74.0
1962,50.0,Male,West,27.3,123.4,50.0,134.0,0,0,61.75
1963,32.0,Male,South,25.1,106.7,32.0,100.7,0,0,61.75
1964,46.0,Female,North,32.8,125.7,46.0,103.8,0,0,61.75
1965,47.0,Female,North,25.3,105.7,47.0,146.0,0,0,61.75
1966,26.0,Female,North,24.8,131.2,26.0,143.5,0,0,61.75
1967,52.0,Male,West,32.1,124.3,52.0,102.8,0,1,61.75
1968,36.0,Female,East,24.2,147.8,36.0,91.7,0,0,61.75
1969,63.0,Female,West,26.8,124.1,63.0,139.6,0,0,63.0
1970,49.0,Male,North,18.8,110.9,49.0,123.0,0,0,61.75
1971,43.0,Female,South,30.7,119.8,43.0,110.9,0,0,61.75
1972,46.0,Male,North,37.1,101.1,46.0,95.0,0,0,61.75
1973,52.0,Male,South,30.8,130.9,52.0,111.3,0,0,61.75
1974,58.0,Male,East,34.6,134.0,58.0,102.5,0,0,61.75
1975,32.0,Female,West,22.6,166.0,32.0,86.4,0,0,61.75
1976,31.0,Male,South,28.2,113.4,31.0,106.2,0,0,61.75
1977,66.0,Male,West,22.1,119.4,66.0,109.6,0,0,66.0
1978,41.0,Male,East,27.1,114.2,41.0,93.6,0,0,61.75
1979,25.0,Male,South,31.0,127.6,25.0,125.6,0,0,61.75
1980,55.0,Male,West,27.5,130.5,55.0,135.2,0,0,61.75
1981,55.0,Female,South,19.7,123.1,55.0,127.2,0,0,61.75
1982,24.0,Male,North,20.2,142.5,24.0,96.1,0,0,61.75
1983,52.0,Male,West,19.8,113.5,52.0,121.9,0,0,61.75
1984,60.0,Female,West,29.6,140.8,60.0,104.9,0,0,61.75
1985,54.0,Male,North,37.7,133.2,54.0,72.1,0,0,61.75
1986,58.0,Female,West,34.1,123.8,58.0,119.8,0,0,61.75
1987,26.0,Male,West,17.1,118.6,26.0,112.8352772905191,0,0,61.75
1988,53.0,Male,West,34.4,165.3,53.0,167.8,1,0,61.75
1989,43.0,Male,South,31.9,110.1,43.0,139.4,1,0,61.75
1990,40.0,Male,East,19.0,129.1,40.0,120.8,0,0,61.75
1991,39.0,Male,East,25.4,111.2,39.0,109.2,0,1,61.75
1992,72.0,Female,East,32.7,154.4,72.0,107.1,0,0,72.0
1993,77.0,Male,East,29.9,139.1,77.0,77.9,0,0,77.0
1994,69.0,Female,East,20.2,112.5,69.0,60.0,0,0,69.0
1995,46.0,Female,East,30.2,132.7,46.0,81.2,0,0,61.75
1996,54.0,Male,East,15.9,128.4,54.0,101.8,0,0,61.75
1997,60.0,Female,East,25.8,115.2,60.0,60.0,0,0,61.75
1998,50.0,Male,North,32.9,136.9,50.0,89.4,0,0,61.75
1999,50.0,Male,North,27.1,130.6,50.0,96.8,0,0,61.75
2000,61.0,Male,West,24.4,127.7,61.0,97.6,0,0,61.75
